Price,Close
Ticker,MSFT
Date,
2020-05-07,175.73802185058594
2020-05-08,176.7717742919922
2020-05-11,178.74354553222656
2020-05-12,174.69464111328125
2020-05-13,172.05288696289062
2020-05-14,172.79946899414062
2020-05-15,175.3168487548828
2020-05-18,176.9918975830078
2020-05-19,175.76673889160156
2020-05-20,178.20474243164062
2020-05-21,176.0642852783203
2020-05-22,176.14108276367188
2020-05-26,174.27896118164062
2020-05-27,174.50936889648438
2020-05-28,174.1157989501953
2020-05-29,175.89149475097656
2020-06-01,175.48837280273438
2020-06-02,177.48484802246094
2020-06-03,177.9167938232422
2020-06-04,175.5747528076172
2020-06-05,179.68287658691406
2020-06-08,180.79632568359375
2020-06-09,182.1785125732422
2020-06-10,188.93580627441406
2020-06-11,178.7902374267578
2020-06-12,180.2012176513672
2020-06-15,181.35302734375
2020-06-16,185.79710388183594
2020-06-17,186.44017028808594
2020-06-18,188.4366912841797
2020-06-19,187.31362915039062
2020-06-22,192.51602172851562
2020-06-23,193.8022003173828
2020-06-24,189.89561462402344
2020-06-25,192.29522705078125
2020-06-26,188.44630432128906
2020-06-29,190.47152709960938
2020-06-30,195.33795166015625
2020-07-01,196.48016357421875
2020-07-02,197.9775390625
2020-07-06,202.23927307128906
2020-07-07,199.88760375976562
2020-07-08,204.28372192382812
2020-07-09,205.71388244628906
2020-07-10,205.0900115966797
2020-07-13,198.75503540039062
2020-07-14,199.98361206054688
2020-07-15,199.68605041503906
2020-07-16,195.7314910888672
2020-07-17,194.7332763671875
2020-07-20,203.10311889648438
2020-07-21,200.36753845214844
2020-07-22,203.24710083007812
2020-07-23,194.40692138671875
2020-07-24,193.2167205810547
2020-07-27,195.664306640625
2020-07-28,193.90780639648438
2020-07-29,195.86587524414062
2020-07-30,195.71226501464844
2020-07-31,196.77772521972656
2020-08-03,207.8447265625
2020-08-04,204.72520446777344
2020-08-05,204.3892822265625
2020-08-06,207.662353515625
2020-08-07,203.94776916503906
2020-08-10,199.88760375976562
2020-08-11,195.21315002441406
2020-08-12,200.78990173339844
2020-08-13,200.3195343017578
2020-08-14,200.51150512695312
2020-08-17,201.8361053466797
2020-08-18,202.99752807617188
2020-08-19,201.7659454345703
2020-08-20,206.46133422851562
2020-08-21,204.96034240722656
2020-08-24,205.60496520996094
2020-08-25,208.27980041503906
2020-08-26,212.78268432617188
2020-08-27,218.00729370117188
2020-08-28,220.2491455078125
2020-08-31,216.99696350097656
2020-09-01,218.6711883544922
2020-09-02,222.88546752929688
2020-09-03,209.0784149169922
2020-09-04,206.14381408691406
2020-09-08,194.9923095703125
2020-09-09,203.2957763671875
2020-09-10,197.59974670410156
2020-09-11,196.31048583984375
2020-09-14,197.6382598876953
2020-09-15,200.8807830810547
2020-09-16,197.29190063476562
2020-09-17,195.23284912109375
2020-09-18,192.80819702148438
2020-09-21,194.8768310546875
2020-09-22,199.5722198486328
2020-09-23,193.00062561035156
2020-09-24,195.50225830078125
2020-09-25,199.9570770263672
2020-09-28,201.51580810546875
2020-09-29,199.41827392578125
2020-09-30,202.37213134765625
2020-10-01,204.42156982421875
2020-10-02,198.38876342773438
2020-10-05,202.4202423095703
2020-10-06,198.119384765625
2020-10-07,201.89100646972656
2020-10-08,202.61265563964844
2020-10-09,207.64480590820312
2020-10-12,213.02328491210938
2020-10-13,214.42807006835938
2020-10-14,212.50372314453125
2020-10-15,211.34912109375
2020-10-16,211.34912109375
2020-10-19,206.1149444580078
2020-10-20,206.5286407470703
2020-10-21,206.67298889160156
2020-10-22,206.7595672607422
2020-10-23,208.04891967773438
2020-10-26,202.13157653808594
2020-10-27,205.181640625
2020-10-28,195.0115509033203
2020-10-29,196.97438049316406
2020-10-30,194.80950927734375
2020-11-02,194.67478942871094
2020-11-03,198.6196746826172
2020-11-04,208.2028350830078
2020-11-05,214.8417510986328
2020-11-06,215.2554473876953
2020-11-09,210.127197265625
2020-11-10,203.02638244628906
2020-11-11,208.35678100585938
2020-11-12,207.28880310058594
2020-11-13,208.31826782226562
2020-11-16,209.01109313964844
2020-11-17,206.3459014892578
2020-11-18,203.62545776367188
2020-11-19,204.91812133789062
2020-11-20,202.95980834960938
2020-11-23,202.68971252441406
2020-11-24,206.30728149414062
2020-11-25,206.31692504882812
2020-11-27,207.62887573242188
2020-11-30,206.5098876953125
2020-12-01,208.5742950439453
2020-12-02,207.7639617919922
2020-12-03,206.67384338378906
2020-12-04,206.7896270751953
2020-12-07,206.72207641601562
2020-12-08,208.38131713867188
2020-12-09,204.32005310058594
2020-12-10,203.085205078125
2020-12-11,205.72848510742188
2020-12-14,206.63528442382812
2020-12-15,206.56776428222656
2020-12-16,211.5358428955078
2020-12-17,211.6709442138672
2020-12-18,210.8701934814453
2020-12-21,214.72898864746094
2020-12-22,216.0312957763672
2020-12-23,213.2144012451172
2020-12-24,214.88333129882812
2020-12-28,217.0153045654297
2020-12-29,216.23382568359375
2020-12-30,213.85107421875
2020-12-31,214.56495666503906
2021-01-04,210.0019989013672
2021-01-05,210.20460510253906
2021-01-06,204.75416564941406
2021-01-07,210.58082580566406
2021-01-08,211.86383056640625
2021-01-11,209.80908203125
2021-01-12,207.33950805664062
2021-01-13,208.69970703125
2021-01-14,205.49696350097656
2021-01-15,205.13998413085938
2021-01-19,208.79612731933594
2021-01-20,216.4171600341797
2021-01-21,217.02490234375
2021-01-22,217.9702911376953
2021-01-25,221.4238739013672
2021-01-26,224.12501525878906
2021-01-27,224.67486572265625
2021-01-28,230.49188232421875
2021-01-29,223.76805114746094
2021-02-01,231.18646240234375
2021-02-02,231.05142211914062
2021-02-03,234.41818237304688
2021-02-04,233.46311950683594
2021-02-05,233.64639282226562
2021-02-08,233.9068603515625
2021-02-09,235.16094970703125
2021-02-10,234.24452209472656
2021-02-11,235.85557556152344
2021-02-12,236.337890625
2021-02-16,235.0934295654297
2021-02-17,236.1183319091797
2021-02-18,235.721923828125
2021-02-19,232.99525451660156
2021-02-22,226.74903869628906
2021-02-23,225.5500946044922
2021-02-24,226.78770446777344
2021-02-25,221.41172790527344
2021-02-26,224.68955993652344
2021-03-01,229.09860229492188
2021-03-02,226.1302032470703
2021-03-03,220.02902221679688
2021-03-04,219.2264862060547
2021-03-05,223.93533325195312
2021-03-08,219.8646697998047
2021-03-09,226.0431671142578
2021-03-10,224.7281951904297
2021-03-11,229.2823486328125
2021-03-12,227.94798278808594
2021-03-15,227.0391082763672
2021-03-16,229.8431396484375
2021-03-17,229.1952667236328
2021-03-18,223.08445739746094
2021-03-19,222.72671508789062
2021-03-22,228.18008422851562
2021-03-23,229.71743774414062
2021-03-24,227.6676025390625
2021-03-25,224.65087890625
2021-03-26,228.6538543701172
2021-03-29,227.4548797607422
2021-03-30,224.17706298828125
2021-03-31,227.96734619140625
2021-04-01,234.32960510253906
2021-04-05,240.8271942138672
2021-04-06,239.65719604492188
2021-04-07,241.62973022460938
2021-04-08,244.86883544921875
2021-04-09,247.3828125
2021-04-12,247.44082641601562
2021-04-13,249.93544006347656
2021-04-14,247.1314239501953
2021-04-15,250.9119415283203
2021-04-16,252.1109161376953
2021-04-19,250.17718505859375
2021-04-20,249.71304321289062
2021-04-21,251.9562225341797
2021-04-22,248.65911865234375
2021-04-23,252.5074005126953
2021-04-26,252.8941650390625
2021-04-27,253.30026245117188
2021-04-28,246.13551330566406
2021-04-29,244.15333557128906
2021-04-30,243.83424377441406
2021-05-03,243.52484130859375
2021-05-04,239.58950805664062
2021-05-05,238.31326293945312
2021-05-06,241.46534729003906
2021-05-07,244.10498046875
2021-05-10,238.9997100830078
2021-05-11,238.08116149902344
2021-05-12,231.0904541015625
2021-05-13,234.98709106445312
2021-05-14,239.93760681152344
2021-05-17,237.06593322753906
2021-05-18,235.035400390625
2021-05-19,235.61688232421875
2021-05-20,238.8731689453125
2021-05-21,237.60365295410156
2021-05-24,243.04049682617188
2021-05-25,243.95147705078125
2021-05-26,243.7285919189453
2021-05-27,241.6158905029297
2021-05-28,241.97445678710938
2021-06-01,239.76483154296875
2021-06-02,239.66790771484375
2021-06-03,238.12696838378906
2021-06-04,243.05018615722656
2021-06-07,245.97702026367188
2021-06-08,244.77528381347656
2021-06-09,245.7637939453125
2021-06-10,249.30108642578125
2021-06-11,249.9311065673828
2021-06-14,251.86940002441406
2021-06-15,250.3865509033203
2021-06-16,249.4368133544922
2021-06-17,252.84817504882812
2021-06-18,251.4235382080078
2021-06-21,254.52484130859375
2021-06-22,257.31591796875
2021-06-23,257.08331298828125
2021-06-24,258.45947265625
2021-06-25,256.84100341796875
2021-06-28,260.4267883300781
2021-06-29,263.02410888671875
2021-06-30,262.53955078125
2021-07-01,263.21795654296875
2021-07-02,269.08123779296875
2021-07-06,269.0909118652344
2021-07-07,271.29095458984375
2021-07-08,268.8583679199219
2021-07-09,269.3623352050781
2021-07-12,268.761474609375
2021-07-13,272.3085021972656
2021-07-14,273.7912292480469
2021-07-15,272.35687255859375
2021-07-16,272.0855712890625
2021-07-19,268.4610595703125
2021-07-20,270.6996765136719
2021-07-21,272.715576171875
2021-07-22,277.30926513671875
2021-07-23,280.7303161621094
2021-07-26,280.1294250488281
2021-07-27,277.69683837890625
2021-07-28,277.3867492675781
2021-07-29,277.6581726074219
2021-07-30,276.1172180175781
2021-08-02,276.030029296875
2021-08-03,278.259033203125
2021-08-04,277.66778564453125
2021-08-05,280.5848693847656
2021-08-06,280.5267333984375
2021-08-09,279.43157958984375
2021-08-10,277.5999755859375
2021-08-11,278.09429931640625
2021-08-12,280.86590576171875
2021-08-13,283.8121643066406
2021-08-16,285.5081481933594
2021-08-17,284.0349426269531
2021-08-18,282.2969665527344
2021-08-19,288.1617431640625
2021-08-20,295.5315856933594
2021-08-23,295.8132019042969
2021-08-24,293.8420715332031
2021-08-25,293.2497863769531
2021-08-26,290.41448974609375
2021-08-27,291.0262451171875
2021-08-30,294.7839660644531
2021-08-31,293.1235046386719
2021-09-01,293.07501220703125
2021-09-02,292.41473388671875
2021-09-03,292.4050598144531
2021-09-07,291.4728698730469
2021-09-08,291.5019836425781
2021-09-09,288.6278076171875
2021-09-10,287.13250732421875
2021-09-13,288.3753662109375
2021-09-14,291.09417724609375
2021-09-15,295.978271484375
2021-09-16,296.36669921875
2021-09-17,291.17181396484375
2021-09-20,285.763427734375
2021-09-21,286.2489318847656
2021-09-22,289.9192199707031
2021-09-23,290.870849609375
2021-09-24,290.6669616699219
2021-09-27,285.6371765136719
2021-09-28,275.2960205078125
2021-09-29,275.76214599609375
2021-09-30,273.74249267578125
2021-10-01,280.7142639160156
2021-10-04,274.89801025390625
2021-10-05,280.38409423828125
2021-10-06,284.6079406738281
2021-10-07,286.2974853515625
2021-10-08,286.2974853515625
2021-10-11,285.6954650878906
2021-10-12,284.3846435546875
2021-10-13,287.715087890625
2021-10-14,293.9682922363281
2021-10-15,295.3859558105469
2021-10-18,298.3766174316406
2021-10-19,299.2894287109375
2021-10-20,298.49310302734375
2021-10-21,301.7459716796875
2021-10-22,300.1924133300781
2021-10-25,299.1922912597656
2021-10-26,301.1148376464844
2021-10-27,313.7959899902344
2021-10-28,314.9417724609375
2021-10-29,322.0008544921875
2021-11-01,319.8161926269531
2021-11-02,323.4671936035156
2021-11-03,324.3118896484375
2021-11-04,326.68109130859375
2021-11-05,326.3121337890625
2021-11-08,327.21514892578125
2021-11-09,326.205322265625
2021-11-10,321.2046813964844
2021-11-11,322.787353515625
2021-11-12,326.9529724121094
2021-11-15,326.3218688964844
2021-11-16,329.6620178222656
2021-11-17,329.88580322265625
2021-11-18,331.9772644042969
2021-11-19,333.76708984375
2021-11-22,330.5763854980469
2021-11-23,328.4849853515625
2021-11-24,328.708740234375
2021-11-26,320.70281982421875
2021-11-29,327.4635925292969
2021-11-30,321.58807373046875
2021-12-01,321.09197998046875
2021-12-02,320.51800537109375
2021-12-03,314.21441650390625
2021-12-06,317.3078918457031
2021-12-07,325.80010986328125
2021-12-08,325.8487854003906
2021-12-09,324.0297546386719
2021-12-10,333.21258544921875
2021-12-13,330.1580810546875
2021-12-14,319.3993225097656
2021-12-15,325.5374755859375
2021-12-16,316.052978515625
2021-12-17,314.98291015625
2021-12-20,311.1988830566406
2021-12-21,318.3779296875
2021-12-22,324.12701416015625
2021-12-23,325.5764465332031
2021-12-27,333.1251525878906
2021-12-28,331.957763671875
2021-12-29,332.63873291015625
2021-12-30,330.0803527832031
2021-12-31,327.16204833984375
2022-01-03,325.6347961425781
2022-01-04,320.051025390625
2022-01-05,307.7650146484375
2022-01-06,305.3330383300781
2022-01-07,305.4887390136719
2022-01-10,305.7124938964844
2022-01-11,306.40313720703125
2022-01-12,309.6035461425781
2022-01-13,296.500244140625
2022-01-14,301.7532958984375
2022-01-18,294.40887451171875
2022-01-19,295.0703125
2022-01-20,293.3874816894531
2022-01-21,287.9691467285156
2022-01-24,288.2998962402344
2022-01-25,280.63446044921875
2022-01-26,288.630615234375
2022-01-27,291.6753845214844
2022-01-28,299.8660888671875
2022-01-31,302.51202392578125
2022-02-01,300.3525085449219
2022-02-02,304.92449951171875
2022-02-03,293.0470275878906
2022-02-04,297.6092529296875
2022-02-07,292.755126953125
2022-02-08,296.26690673828125
2022-02-09,302.73577880859375
2022-02-10,294.1462097167969
2022-02-11,287.006103515625
2022-02-14,286.96722412109375
2022-02-15,292.2881774902344
2022-02-16,291.94708251953125
2022-02-17,283.3982238769531
2022-02-18,280.66876220703125
2022-02-22,280.4641418457031
2022-02-23,273.20196533203125
2022-02-24,287.160888671875
2022-02-25,289.8122863769531
2022-02-28,291.2549743652344
2022-03-01,287.5118103027344
2022-03-02,292.61968994140625
2022-03-03,288.4573059082031
2022-03-04,282.5501403808594
2022-03-07,271.8763427734375
2022-03-08,268.89349365234375
2022-03-09,281.2244567871094
2022-03-10,278.3878173828125
2022-03-11,273.0070495605469
2022-03-14,269.4685363769531
2022-03-15,279.9084777832031
2022-03-16,286.9659423828125
2022-03-17,287.7749938964844
2022-03-18,292.8536071777344
2022-03-21,291.6156005859375
2022-03-22,296.3920593261719
2022-03-23,291.93731689453125
2022-03-24,296.4310302734375
2022-03-25,296.0216369628906
2022-03-28,302.8646240234375
2022-03-29,307.45587158203125
2022-03-30,305.9449157714844
2022-03-31,300.5348205566406
2022-04-01,301.61688232421875
2022-04-04,307.0269470214844
2022-04-05,303.0400390625
2022-04-06,291.94708251953125
2022-04-07,293.7698974609375
2022-04-08,289.48089599609375
2022-04-11,278.0661926269531
2022-04-12,274.9468688964844
2022-04-13,280.36663818359375
2022-04-14,272.7731018066406
2022-04-18,273.4456787109375
2022-04-19,278.1051330566406
2022-04-20,279.13836669921875
2022-04-21,273.7283630371094
2022-04-22,267.11932373046875
2022-04-25,273.640625
2022-04-26,263.40545654296875
2022-04-27,276.07763671875
2022-04-28,282.3258972167969
2022-04-29,270.5213317871094
2022-05-02,277.2961120605469
2022-05-03,274.6739501953125
2022-05-04,282.6671142578125
2022-05-05,270.3556213378906
2022-05-06,267.8016662597656
2022-05-09,257.9076843261719
2022-05-10,262.7036437988281
2022-05-11,253.97930908203125
2022-05-12,248.9104766845703
2022-05-13,254.53492736816406
2022-05-16,254.9053192138672
2022-05-17,260.0912170410156
2022-05-18,248.2493133544922
2022-05-19,247.33091735839844
2022-05-20,246.76422119140625
2022-05-23,254.6685791015625
2022-05-24,253.6621856689453
2022-05-25,256.4956970214844
2022-05-26,259.79803466796875
2022-05-27,266.9696044921875
2022-05-31,265.63104248046875
2022-06-01,266.1684875488281
2022-06-02,268.27880859375
2022-06-03,263.823486328125
2022-06-06,262.5826416015625
2022-06-07,266.2466735839844
2022-06-08,264.2046203613281
2022-06-09,258.713623046875
2022-06-10,247.18435668945312
2022-06-13,236.70057678222656
2022-06-14,238.87940979003906
2022-06-15,245.98255920410156
2022-06-16,239.34840393066406
2022-06-17,241.9668731689453
2022-06-21,247.91714477539062
2022-06-22,247.3211669921875
2022-06-23,252.91964721679688
2022-06-24,261.5567932128906
2022-06-27,258.811279296875
2022-06-28,250.59426879882812
2022-06-29,254.2875518798828
2022-06-30,250.9362030029297
2022-07-01,253.6230926513672
2022-07-05,256.81805419921875
2022-07-06,260.1009216308594
2022-07-07,262.2406921386719
2022-07-08,261.5177001953125
2022-07-11,258.44000244140625
2022-07-12,247.84872436523438
2022-07-13,246.92054748535156
2022-07-14,248.2493133544922
2022-07-15,250.82875061035156
2022-07-18,248.41543579101562
2022-07-19,253.5742645263672
2022-07-20,256.2513427734375
2022-07-21,258.7624206542969
2022-07-22,254.38525390625
2022-07-25,252.8903350830078
2022-07-26,246.11935424804688
2022-07-27,262.5729064941406
2022-07-28,270.06689453125
2022-07-29,274.29754638671875
2022-08-01,271.63018798828125
2022-08-02,268.513427734375
2022-08-03,275.9878234863281
2022-08-04,277.1407470703125
2022-08-05,276.4177551269531
2022-08-08,273.88720703125
2022-08-09,275.8217468261719
2022-08-10,282.5242919921875
2022-08-11,280.43341064453125
2022-08-12,285.21124267578125
2022-08-15,286.7354431152344
2022-08-16,285.9928283691406
2022-08-17,285.2388610839844
2022-08-18,284.1129455566406
2022-08-19,280.1768493652344
2022-08-22,271.9521789550781
2022-08-23,270.66949462890625
2022-08-24,270.03314208984375
2022-08-25,273.0292663574219
2022-08-26,262.4938049316406
2022-08-29,259.6935119628906
2022-08-30,257.48065185546875
2022-08-31,256.01202392578125
2022-09-01,254.96437072753906
2022-09-02,250.71495056152344
2022-09-06,247.96360778808594
2022-09-07,252.7025604248047
2022-09-08,253.12359619140625
2022-09-09,258.9395751953125
2022-09-12,261.0838623046875
2022-09-13,246.72988891601562
2022-09-14,246.95509338378906
2022-09-15,240.2578887939453
2022-09-16,239.63125610351562
2022-09-19,239.41583251953125
2022-09-20,237.3890380859375
2022-09-21,233.96209716796875
2022-09-22,235.94972229003906
2022-09-23,232.95358276367188
2022-09-26,232.493408203125
2022-09-27,231.47512817382812
2022-09-28,236.037841796875
2022-09-29,232.54234313964844
2022-09-30,228.03836059570312
2022-10-03,235.71473693847656
2022-10-04,243.68482971191406
2022-10-05,243.9981231689453
2022-10-06,241.638427734375
2022-10-07,229.35044860839844
2022-10-10,224.46458435058594
2022-10-11,220.70472717285156
2022-10-12,221.03761291503906
2022-10-13,229.35044860839844
2022-10-14,223.7889862060547
2022-10-17,232.5717315673828
2022-10-18,233.52149963378906
2022-10-19,231.54367065429688
2022-10-20,231.2205352783203
2022-10-21,237.06588745117188
2022-10-24,242.08885192871094
2022-10-25,245.4276580810547
2022-10-26,226.49136352539062
2022-10-27,222.0167694091797
2022-10-28,230.9463653564453
2022-10-31,227.2844696044922
2022-11-01,223.40711975097656
2022-11-02,215.5055694580078
2022-11-03,209.77767944335938
2022-11-04,216.76864624023438
2022-11-07,223.1134033203125
2022-11-08,224.09251403808594
2022-11-09,219.8235321044922
2022-11-10,237.90797424316406
2022-11-11,241.95175170898438
2022-11-14,236.50782775878906
2022-11-15,236.91905212402344
2022-11-16,237.35105895996094
2022-11-17,237.30197143554688
2022-11-18,236.85032653808594
2022-11-21,237.66526794433594
2022-11-22,240.59130859375
2022-11-23,243.09510803222656
2022-11-25,243.0067138671875
2022-11-28,237.3805389404297
2022-11-29,235.9764404296875
2022-11-30,250.5181427001953
2022-12-01,250.0762939453125
2022-12-02,250.40032958984375
2022-12-05,245.66763305664062
2022-12-06,240.67965698242188
2022-12-07,239.9432373046875
2022-12-08,242.91835021972656
2022-12-09,240.97422790527344
2022-12-12,247.935791015625
2022-12-13,252.2659149169922
2022-12-14,252.5605010986328
2022-12-15,244.4991912841797
2022-12-16,240.25747680664062
2022-12-19,236.09426879882812
2022-12-20,237.4197998046875
2022-12-21,240.0021514892578
2022-12-22,233.8751983642578
2022-12-23,234.40542602539062
2022-12-27,232.66749572753906
2022-12-28,230.28150939941406
2022-12-29,236.64410400390625
2022-12-30,235.47567749023438
2023-01-03,235.24002075195312
2023-01-04,224.94989013671875
2023-01-05,218.28289794921875
2023-01-06,220.85540771484375
2023-01-09,223.00572204589844
2023-01-10,224.70440673828125
2023-01-11,231.4990234375
2023-01-12,234.1893768310547
2023-01-13,234.89634704589844
2023-01-17,235.99610900878906
2023-01-18,231.53831481933594
2023-01-19,227.7285919189453
2023-01-20,235.86843872070312
2023-01-23,238.18569946289062
2023-01-24,237.65545654296875
2023-01-25,236.25135803222656
2023-01-26,243.50746154785156
2023-01-27,243.6645965576172
2023-01-30,238.31332397460938
2023-01-31,243.3209228515625
2023-02-01,248.1714324951172
2023-02-02,259.80682373046875
2023-02-03,253.67002868652344
2023-02-06,252.11862182617188
2023-02-07,262.7131652832031
2023-02-08,261.898193359375
2023-02-09,258.84454345703125
2023-02-10,258.333984375
2023-02-13,266.40509033203125
2023-02-14,267.2396545410156
2023-02-15,265.1036376953125
2023-02-16,258.0458679199219
2023-02-17,254.01992797851562
2023-02-21,248.71429443359375
2023-02-22,247.57244873046875
2023-02-23,250.7814178466797
2023-02-24,245.31829833984375
2023-02-27,246.2436065673828
2023-02-28,245.5151824951172
2023-03-01,242.41448974609375
2023-03-02,247.17872619628906
2023-03-03,251.29327392578125
2023-03-06,252.84854125976562
2023-03-07,250.17111206054688
2023-03-08,249.72816467285156
2023-03-09,248.36981201171875
2023-03-10,244.6981658935547
2023-03-13,249.94471740722656
2023-03-14,256.7071838378906
2023-03-15,261.2843933105469
2023-03-16,271.8759765625
2023-03-17,275.05535888671875
2023-03-20,267.96807861328125
2023-03-21,269.4938049316406
2023-03-22,268.02716064453125
2023-03-23,273.3130798339844
2023-03-24,276.17755126953125
2023-03-27,272.0530700683594
2023-03-28,270.9211120605469
2023-03-29,276.11846923828125
2023-03-30,279.60296630859375
2023-03-31,283.7864685058594
2023-04-03,282.73321533203125
2023-04-04,282.6839904785156
2023-04-05,279.8884582519531
2023-04-06,287.0347900390625
2023-04-10,284.85943603515625
2023-04-11,278.4021301269531
2023-04-12,279.05181884765625
2023-04-13,285.3023986816406
2023-04-14,281.6603698730469
2023-04-17,284.27862548828125
2023-04-18,283.8553771972656
2023-04-19,283.93414306640625
2023-04-20,281.63079833984375
2023-04-21,281.2862854003906
2023-04-24,277.35870361328125
2023-04-25,271.1081237792969
2023-04-26,290.7457580566406
2023-04-27,300.05767822265625
2023-04-28,302.4496765136719
2023-05-01,300.7762756347656
2023-05-02,300.62860107421875
2023-05-03,299.6343994140625
2023-05-04,300.62860107421875
2023-05-05,305.78656005859375
2023-05-08,303.81787109375
2023-05-09,302.1937561035156
2023-05-10,307.42059326171875
2023-05-11,305.2550354003906
2023-05-12,304.1329040527344
2023-05-15,304.615234375
2023-05-16,306.8594970703125
2023-05-17,309.75982666015625
2023-05-18,314.2187805175781
2023-05-19,314.04119873046875
2023-05-22,316.84283447265625
2023-05-23,311.0028076171875
2023-05-24,309.6118469238281
2023-05-25,321.5188903808594
2023-05-26,328.39471435546875
2023-05-30,326.7373962402344
2023-05-31,323.9555358886719
2023-06-01,328.0889587402344
2023-06-02,330.8708190917969
2023-06-05,331.403564453125
2023-06-06,329.174072265625
2023-06-07,319.01318359375
2023-06-08,320.8677978515625
2023-06-09,322.37713623046875
2023-06-12,327.3687438964844
2023-06-13,329.7758483886719
2023-06-14,332.7845764160156
2023-06-15,343.3993225097656
2023-06-16,337.7072448730469
2023-06-20,333.4850769042969
2023-06-21,329.0556945800781
2023-06-22,335.12261962890625
2023-06-23,330.4959411621094
2023-06-26,324.1626892089844
2023-06-27,330.05206298828125
2023-06-28,331.31475830078125
2023-06-29,330.5255432128906
2023-06-30,335.9414978027344
2023-07-03,333.4259033203125
2023-07-05,333.5837097167969
2023-07-06,336.66156005859375
2023-07-07,332.666259765625
2023-07-10,327.3489990234375
2023-07-11,327.98040771484375
2023-07-12,332.6465148925781
2023-07-13,338.0328369140625
2023-07-14,340.57794189453125
2023-07-17,341.06134033203125
2023-07-18,354.63555908203125
2023-07-19,350.2850646972656
2023-07-20,342.1859436035156
2023-07-21,339.1278076171875
2023-07-24,340.4497375488281
2023-07-25,346.240478515625
2023-07-26,333.20880126953125
2023-07-27,326.2540283203125
2023-07-28,333.80072021484375
2023-07-31,331.3838195800781
2023-08-01,331.79815673828125
2023-08-02,323.0775146484375
2023-08-03,322.2488708496094
2023-08-04,323.3537292480469
2023-08-07,325.6522521972656
2023-08-08,321.6470642089844
2023-08-09,317.8786926269531
2023-08-10,318.5692138671875
2023-08-11,316.6752014160156
2023-08-14,319.66424560546875
2023-08-15,317.5136413574219
2023-08-16,316.7425842285156
2023-08-17,313.2627258300781
2023-08-18,312.86737060546875
2023-08-21,318.2056884765625
2023-08-22,318.779052734375
2023-08-23,323.2672424316406
2023-08-24,316.3175048828125
2023-08-25,319.29315185546875
2023-08-28,320.0049133300781
2023-08-29,324.6611633300781
2023-08-30,325.0368347167969
2023-08-31,324.0185852050781
2023-09-01,324.9082946777344
2023-09-05,329.7424621582031
2023-09-06,329.08013916015625
2023-09-07,326.1440124511719
2023-09-08,330.4542236328125
2023-09-11,334.0824279785156
2023-09-12,327.9828186035156
2023-09-13,332.22381591796875
2023-09-14,334.8337097167969
2023-09-15,326.45050048828125
2023-09-18,325.3037414550781
2023-09-19,324.8984069824219
2023-09-20,317.1083679199219
2023-09-21,315.8825378417969
2023-09-22,313.3913269042969
2023-09-25,313.9152526855469
2023-09-26,308.576904296875
2023-09-27,309.2194519042969
2023-09-28,310.05975341796875
2023-09-29,312.1456604003906
2023-10-02,318.1265869140625
2023-10-03,309.8126525878906
2023-10-04,315.3190002441406
2023-10-05,315.71441650390625
2023-10-06,323.5242614746094
2023-10-09,326.0550842285156
2023-10-10,324.6413879394531
2023-10-11,328.6253967285156
2023-10-12,327.3797912597656
2023-10-13,323.9889221191406
2023-10-16,328.8428955078125
2023-10-17,328.26953125
2023-10-18,326.3417053222656
2023-10-19,327.5379333496094
2023-10-20,322.9410400390625
2023-10-23,325.560791015625
2023-10-24,326.7569580078125
2023-10-25,336.7812194824219
2023-10-26,324.1470947265625
2023-10-27,326.045166015625
2023-10-30,333.4595642089844
2023-10-31,334.25042724609375
2023-11-01,342.1195983886719
2023-11-02,344.3439025878906
2023-11-03,348.7727355957031
2023-11-06,352.46014404296875
2023-11-07,356.41448974609375
2023-11-08,359.0540466308594
2023-11-09,356.57269287109375
2023-11-10,365.4501647949219
2023-11-13,362.4942932128906
2023-11-14,366.0433044433594
2023-11-15,366.19189453125
2023-11-16,372.6307373046875
2023-11-17,366.3702392578125
2023-11-20,373.8887939453125
2023-11-21,369.5599060058594
2023-11-22,374.29498291015625
2023-11-24,373.8788757324219
2023-11-27,375.04779052734375
2023-11-28,379.0993347167969
2023-11-29,375.2855224609375
2023-11-30,375.344970703125
2023-12-01,370.98638916015625
2023-12-04,365.6669006347656
2023-12-05,369.0150451660156
2023-12-06,365.330078125
2023-12-07,367.4598388671875
2023-12-08,370.708984375
2023-12-11,367.80657958984375
2023-12-12,370.8575744628906
2023-12-13,370.8476867675781
2023-12-14,362.4870910644531
2023-12-15,367.2419128417969
2023-12-18,369.1438903808594
2023-12-19,369.7481384277344
2023-12-20,367.13299560546875
2023-12-21,370.0254821777344
2023-12-22,371.0556640625
2023-12-26,371.13494873046875
2023-12-27,370.550537109375
2023-12-28,371.7491455078125
2023-12-29,372.50201416015625
2024-01-02,367.380615234375
2024-01-03,367.1131591796875
2024-01-04,364.4781799316406
2024-01-05,364.2899475097656
2024-01-08,371.1646728515625
2024-01-09,372.2543029785156
2024-01-10,379.16864013671875
2024-01-11,381.01116943359375
2024-01-12,384.8150329589844
2024-01-16,386.5980529785156
2024-01-17,385.8056335449219
2024-01-18,390.1642150878906
2024-01-19,394.9190673828125
2024-01-22,392.7793884277344
2024-01-23,395.1468811035156
2024-01-24,398.7724609375
2024-01-25,401.0607604980469
2024-01-26,400.1295471191406
2024-01-29,405.8650817871094
2024-01-30,404.7457275390625
2024-01-31,393.83929443359375
2024-02-01,399.9809875488281
2024-02-02,407.3509521484375
2024-02-05,401.8334045410156
2024-02-06,401.67486572265625
2024-02-07,410.1543273925781
2024-02-08,410.2137756347656
2024-02-09,416.5931396484375
2024-02-12,411.35296630859375
2024-02-13,402.4971008300781
2024-02-14,406.3873291015625
2024-02-15,403.4795837402344
2024-02-16,400.9985046386719
2024-02-20,399.7381591796875
2024-02-21,399.1327819824219
2024-02-22,408.531005859375
2024-02-23,407.2309265136719
2024-02-26,404.4521789550781
2024-02-27,404.39263916015625
2024-02-28,404.6307678222656
2024-02-29,410.5059814453125
2024-03-01,412.3518371582031
2024-03-04,411.7762451171875
2024-03-05,399.59918212890625
2024-03-06,399.04345703125
2024-03-07,406.0400390625
2024-03-08,403.14215087890625
2024-03-11,401.4550476074219
2024-03-12,412.1335144042969
2024-03-13,411.9548645019531
2024-03-14,421.9981994628906
2024-03-15,413.264892578125
2024-03-18,414.1580505371094
2024-03-19,418.2170715332031
2024-03-20,422.00811767578125
2024-03-21,426.1167297363281
2024-03-22,425.49151611328125
2024-03-25,419.6560974121094
2024-03-26,418.4552307128906
2024-03-27,418.2369079589844
2024-03-28,417.53228759765625
2024-04-01,421.3531188964844
2024-04-02,418.246826171875
2024-04-03,417.26434326171875
2024-04-04,414.7137756347656
2024-04-05,422.2958984375
2024-04-08,421.3729553222656
2024-04-09,423.0501708984375
2024-04-10,420.05303955078125
2024-04-11,424.6876525878906
2024-04-12,418.7033386230469
2024-04-15,410.5059814453125
2024-04-16,411.43878173828125
2024-04-17,408.71954345703125
2024-04-18,401.2069091796875
2024-04-19,396.095947265625
2024-04-22,397.9220275878906
2024-04-23,404.48193359375
2024-04-24,405.96063232421875
2024-04-25,396.01654052734375
2024-04-26,403.2414245605469
2024-04-29,399.2022399902344
2024-04-30,386.380126953125
2024-05-01,391.9476318359375
2024-05-02,394.8256530761719
2024-05-03,403.5788269042969
2024-05-06,410.40667724609375
2024-05-07,406.2384948730469
2024-05-08,407.429443359375
2024-05-09,409.1959228515625
2024-05-10,411.59759521484375
2024-05-13,410.5853271484375
2024-05-14,413.40380859375
2024-05-15,420.6317443847656
2024-05-16,418.5538330078125
2024-05-17,417.7783203125
2024-05-20,422.878662109375
2024-05-21,426.5572509765625
2024-05-22,428.0286865234375
2024-05-23,424.5290832519531
2024-05-24,427.6707763671875
2024-05-28,427.8298645019531
2024-05-29,426.6865234375
2024-05-30,412.2704162597656
2024-05-31,412.7277526855469
2024-06-03,411.1270446777344
2024-06-04,413.6623229980469
2024-06-05,421.5563659667969
2024-06-06,422.0633850097656
2024-06-07,421.3973083496094
2024-06-10,425.39404296875
2024-06-11,430.1761779785156
2024-06-12,438.5076904296875
2024-06-13,439.0246887207031
2024-06-14,440.00897216796875
2024-06-17,445.775390625
2024-06-18,443.75714111328125
2024-06-20,443.1208801269531
2024-06-21,447.17724609375
2024-06-24,445.0794677734375
2024-06-25,448.3404541015625
2024-06-26,449.54345703125
2024-06-27,450.2294921875
2024-06-28,444.3636169433594
2024-07-01,454.0870361328125
2024-07-02,456.62225341796875
2024-07-03,458.1036376953125
2024-07-05,464.8543395996094
2024-07-08,463.5419921875
2024-07-09,456.8807678222656
2024-07-10,463.55194091796875
2024-07-11,452.06878662109375
2024-07-12,450.9254150390625
2024-07-15,451.3330383300781
2024-07-16,446.9187316894531
2024-07-17,440.9534606933594
2024-07-18,437.82171630859375
2024-07-19,434.5805358886719
2024-07-22,440.3768310546875
2024-07-23,442.2757873535156
2024-07-24,426.4180603027344
2024-07-25,415.97882080078125
2024-07-26,422.8090515136719
2024-07-29,424.2606506347656
2024-07-30,420.4726867675781
2024-07-31,415.92913818359375
2024-08-01,414.6962585449219
2024-08-02,406.1261901855469
2024-08-05,392.8633728027344
2024-08-06,397.29754638671875
2024-08-07,396.1243591308594
2024-08-08,400.3597106933594
2024-08-09,403.67047119140625
2024-08-12,404.4559020996094
2024-08-13,411.6142578125
2024-08-14,414.4477233886719
2024-08-15,419.34808349609375
2024-08-16,416.7983093261719
2024-08-19,419.8460998535156
2024-08-20,423.10302734375
2024-08-21,422.4456787109375
2024-08-22,413.8899841308594
2024-08-23,415.1250305175781
2024-08-26,411.83819580078125
2024-08-27,412.1867980957031
2024-08-28,408.95977783203125
2024-08-29,411.4696960449219
2024-08-30,415.4736328125
2024-09-03,407.80438232421875
2024-09-04,407.26654052734375
2024-09-05,406.7585754394531
2024-09-06,400.0953063964844
2024-09-09,404.0992431640625
2024-09-10,412.5453796386719
2024-09-11,421.3500671386719
2024-09-12,425.29425048828125
2024-09-13,428.8699035644531
2024-09-16,429.6169128417969
2024-09-17,433.41168212890625
2024-09-18,429.0890197753906
2024-09-19,436.93756103515625
2024-09-20,433.53118896484375
2024-09-23,431.77825927734375
2024-09-24,427.4555969238281
2024-09-25,430.3838195800781
2024-09-26,429.5870361328125
2024-09-27,426.3101501464844
2024-09-30,428.5810546875
2024-10-01,419.00946044921875
2024-10-02,415.4636535644531
2024-10-03,414.87603759765625
2024-10-04,414.39794921875
2024-10-07,407.90399169921875
2024-10-08,413.0533447265625
2024-10-09,415.7923278808594
2024-10-10,414.1788330078125
2024-10-11,414.6568908691406
2024-10-14,417.4656677246094
2024-10-15,417.0672302246094
2024-10-16,414.45770263671875
2024-10-17,415.0552978515625
2024-10-18,416.48956298828125
2024-10-21,417.1070861816406
2024-10-22,425.8022155761719
2024-10-23,422.9038391113281
2024-10-24,423.0333251953125
2024-10-25,426.43963623046875
2024-10-28,424.8858642578125
2024-10-29,430.2244873046875
2024-10-30,430.8021545410156
2024-10-31,404.72674560546875
2024-11-01,408.7306823730469
2024-11-04,406.82830810546875
2024-11-05,409.8163146972656
2024-11-06,418.50146484375
2024-11-07,423.7304992675781
2024-11-08,420.85205078125
2024-11-11,416.34014892578125
2024-11-12,421.340087890625
2024-11-13,423.5014343261719
2024-11-14,425.1846923828125
2024-11-15,413.3421936035156
2024-11-18,414.0991516113281
2024-11-19,416.12103271484375
2024-11-20,413.8302001953125
2024-11-21,412.0437927246094
2024-11-22,416.16552734375
2024-11-25,417.95196533203125
2024-11-26,427.133544921875
2024-11-27,422.1435546875
2024-11-29,422.61260986328125
2024-12-02,430.1175842285156
2024-12-03,430.3371276855469
2024-12-04,436.544677734375
2024-12-05,441.7342529296875
2024-12-06,442.682373046875
2024-12-09,445.12744140625
2024-12-10,442.4428405761719
2024-12-11,448.0915222167969
2024-12-12,448.6603698730469
2024-12-13,446.37493896484375
2024-12-16,450.6863098144531
2024-12-17,453.5505676269531
2024-12-18,436.5147399902344
2024-12-19,436.15545654296875
2024-12-20,435.726318359375
2024-12-23,434.3790283203125
2024-12-24,438.4508361816406
2024-12-26,437.2332763671875
2024-12-27,429.66845703125
2024-12-30,423.9798583984375
2024-12-31,420.6565246582031
2025-01-02,417.74237060546875
2025-01-03,422.5028381347656
2025-01-06,426.99383544921875
2025-01-07,421.5247802734375
2025-01-08,423.7104187011719
2025-01-10,418.11163330078125
2025-01-13,416.35516357421875
2025-01-14,414.8382263183594
2025-01-15,425.4569091796875
2025-01-16,423.7303466796875
2025-01-17,428.1714782714844
2025-01-21,427.64251708984375
2025-01-22,445.30712890625
2025-01-23,445.8160705566406
2025-01-24,443.17138671875
2025-01-27,433.6903991699219
2025-01-28,446.30511474609375
2025-01-29,441.44482421875
2025-01-30,414.1595458984375
2025-01-31,414.22943115234375
2025-02-03,410.09771728515625
2025-02-04,411.5447998046875
2025-02-05,412.4629821777344
2025-02-06,414.9879150390625
2025-02-07,408.9300537109375
2025-02-10,411.3951110839844
2025-02-11,410.6166687011719
2025-02-12,408.2214660644531
2025-02-13,409.7184753417969
2025-02-14,407.6126708984375
2025-02-18,408.8202819824219
2025-02-19,413.94000244140625
2025-02-20,416.1300048828125
2025-02-21,408.2099914550781
2025-02-24,404.0
2025-02-25,397.8999938964844
2025-02-26,399.7300109863281
2025-02-27,392.5299987792969
2025-02-28,396.989990234375
2025-03-03,388.489990234375
2025-03-04,388.6099853515625
2025-03-05,401.0199890136719
2025-03-06,396.8900146484375
2025-03-07,393.30999755859375
2025-03-10,380.1600036621094
2025-03-11,380.45001220703125
2025-03-12,383.2699890136719
2025-03-13,378.7699890136719
2025-03-14,388.55999755859375
2025-03-17,388.70001220703125
2025-03-18,383.5199890136719
2025-03-19,387.82000732421875
2025-03-20,386.8399963378906
2025-03-21,391.260009765625
2025-03-24,393.0799865722656
2025-03-25,395.1600036621094
2025-03-26,389.9700012207031
2025-03-27,390.5799865722656
2025-03-28,378.79998779296875
2025-03-31,375.3900146484375
2025-04-01,382.19000244140625
2025-04-02,382.1400146484375
2025-04-03,373.1099853515625
2025-04-04,359.8399963378906
2025-04-07,357.8599853515625
2025-04-08,354.55999755859375
2025-04-09,390.489990234375
2025-04-10,381.3500061035156
2025-04-11,388.45001220703125
2025-04-14,387.80999755859375
2025-04-15,385.7300109863281
2025-04-16,371.6099853515625
2025-04-17,367.7799987792969
2025-04-21,359.1199951171875
2025-04-22,366.82000732421875
2025-04-23,374.3900146484375
2025-04-24,387.29998779296875
2025-04-25,391.8500061035156
2025-04-28,391.1600036621094
2025-04-29,394.0400085449219
2025-04-30,395.260009765625
2025-05-01,425.3999938964844
2025-05-02,435.2799987792969
2025-05-05,436.1700134277344
2025-05-06,433.30999755859375
