Date,Actual Price,Predicted Price
2020-08-03,106.03362274169922,97.68526905935892
2020-08-04,106.74173736572266,98.39847200186648
2020-08-05,107.12864685058594,99.34299630187354
2020-08-06,110.86627960205078,100.4227523781883
2020-08-07,108.34567260742188,101.69265013839185
2020-08-10,109.92044830322266,102.94526930897848
2020-08-11,106.65142822265625,104.19906299355534
2020-08-12,110.19591522216797,105.28013419469016
2020-08-13,112.1461181640625,106.33818106171123
2020-08-14,112.04615020751953,107.40881121946336
2020-08-17,111.75363922119142,108.43955477182408
2020-08-18,112.68485260009766,109.39143219110804
2020-08-19,112.82624053955078,110.28792824296977
2020-08-20,115.32982635498047,111.11570144102723
2020-08-21,121.27301788330078,111.95934987747853
2020-08-24,122.72349548339844,113.00486308112022
2020-08-25,121.71671295166016,114.19517235457226
2020-08-26,123.37194061279297,115.39717989765006
2020-08-27,121.89710998535156,116.6258952271678
2020-08-28,121.69963073730469,117.76598437777443
2020-08-31,125.82673645019531,118.79550103171812
2020-09-01,130.8387451171875,119.86974571491908
2020-09-02,128.1279754638672,121.12126205546792
2020-09-03,117.86994934082031,122.33128717292038
2020-09-04,117.94793701171875,123.06894812859082
2020-09-08,110.0106430053711,123.47515351640641
2020-09-09,114.39859771728516,123.33008173908661
2020-09-10,110.6639633178711,122.99838354862345
2020-09-11,109.21104431152344,122.39943104095482
2020-09-14,112.48739624023438,121.59069268934945
2020-09-15,112.66291046142578,120.79948933534479
2020-09-16,109.33782958984375,120.05200216403773
2020-09-17,107.5923843383789,119.23447149995616
2020-09-18,104.17953491210939,118.33957179457411
2020-09-21,107.33887481689453,117.29940455954056
2020-09-22,109.0257797241211,116.32790779388449
2020-09-23,104.45256805419922,115.50083764997612
2020-09-24,105.52519226074219,114.6268917153119
2020-09-25,109.48407745361328,113.80310249076592
2020-09-28,112.09735107421875,113.19529977204411
2020-09-29,111.24901580810547,112.85201635203407
2020-09-30,112.92618560791016,112.66621430434395
2020-10-01,113.88179779052734,112.66038309051919
2020-10-02,110.20565795898438,112.81219867352002
2020-10-05,113.59901428222656,112.92441438693925
2020-10-06,110.3421859741211,113.14038986446303
2020-10-07,112.21436309814453,113.2900466576649
2020-10-08,112.10710906982422,113.4647294214991
2020-10-09,114.05731964111328,113.64318110698741
2020-10-12,121.30228424072266,113.89191890785855
2020-10-13,118.08443450927734,114.45375842768078
2020-10-14,118.1722183227539,115.07377498907101
2020-10-15,117.70416259765625,115.71738384204446
2020-10-16,116.05623626708984,116.33467917031646
2020-10-19,113.09196472167969,116.84756682183672
2020-10-20,114.5838623046875,117.15757234545674
2020-10-21,113.95978546142578,117.37906197316943
2020-10-22,112.86768341064453,117.5051209606379
2020-10-23,112.17535400390625,117.519573548283
2020-10-26,112.18512725830078,117.432088798461
2020-10-27,113.69651794433594,117.27980175561902
2020-10-28,108.43096923828125,117.1472581275284
2020-10-29,112.44840240478516,116.82843547775633
2020-10-30,106.14925384521484,116.55736812569523
2020-11-02,106.06147766113281,116.08190501150705
2020-11-03,107.68991088867188,115.491901969595
2020-11-04,112.08760833740234,114.90979243367838
2020-11-05,116.06598663330078,114.52119924156614
2020-11-06,115.93415069580078,114.42481741041433
2020-11-09,113.61917877197266,114.52029492093516
2020-11-10,113.27730560302734,114.65460583416132
2020-11-11,116.71556854248047,114.80104512072796
2020-11-12,116.44207000732422,115.08300291941214
2020-11-13,116.49090576171875,115.43114981988879
2020-11-16,117.50675964355469,115.81302126292076
2020-11-17,116.61788940429688,116.24213794477123
2020-11-18,115.28946685791016,116.65117209163373
2020-11-19,115.88529205322266,116.9807252776734
2020-11-20,114.61549377441406,117.26824409682308
2020-11-23,111.20653533935547,117.46605872069972
2020-11-24,112.49585723876953,117.46540253682724
2020-11-25,113.33590698242188,117.38430868707417
2020-11-27,113.88290405273438,117.28189161854061
2020-11-30,116.28578186035158,117.1883440605859
2020-12-01,119.87057495117188,117.19585709021828
2020-12-02,120.22222137451172,117.40627706142675
2020-12-03,120.08546447753908,117.75505257502493
2020-12-04,119.4114761352539,118.17896389909708
2020-12-07,120.87666320800781,118.61225479264056
2020-12-08,121.49203491210938,119.09317691551576
2020-12-09,118.952392578125,119.60966530710937
2020-12-10,120.37850189208984,120.03084436976292
2020-12-11,119.56776428222656,120.42980967838048
2020-12-14,118.952392578125,120.76436971279168
2020-12-15,124.91075897216797,121.01905728171664
2020-12-16,124.84237670898438,121.44157903994119
2020-12-17,125.71170043945312,121.94980172040164
2020-12-18,123.71908569335938,122.53037005134047
2020-12-21,125.25262451171875,123.05882966299419
2020-12-22,128.81788635253906,123.5944962689448
2020-12-23,127.91927337646484,124.25131426869575
2020-12-24,128.90579223632812,124.92411778984433
2020-12-28,133.51620483398438,125.62167433119089
2020-12-29,131.7384490966797,126.48855388238803
2020-12-30,130.6151885986328,127.35970689998157
2020-12-31,129.60906982421875,128.15865212085146
2021-01-04,126.40524291992189,128.83979855123584
2021-01-05,127.96809387207031,129.28940581518827
2021-01-06,123.66046142578125,129.63068208452955
2021-01-07,127.88020324707031,129.71156915365054
2021-01-08,128.98394775390625,129.7852657709252
2021-01-11,125.98522186279297,129.88646145519192
2021-01-12,125.80941772460938,129.88132778136605
2021-01-13,127.85086822509766,129.80217215540438
2021-01-14,125.9168701171875,129.75642676543725
2021-01-15,124.18794250488283,129.65501602931317
2021-01-19,124.86192321777344,129.45479172180399
2021-01-20,128.96438598632812,129.22472483347246
2021-01-21,133.6920166015625,129.1433304625341
2021-01-22,135.84091186523438,129.34481751043654
2021-01-25,139.60154724121094,129.8074216263842
2021-01-26,139.83599853515625,130.57537732319247
2021-01-27,138.76150512695312,131.52546540074013
2021-01-28,133.90689086914062,132.52103970319604
2021-01-29,128.8960418701172,133.319053032684
2021-02-01,131.025390625,133.7617179815486
2021-02-02,131.85565185546875,134.03917347660354
2021-02-03,130.83004760742188,134.2214767959988
2021-02-04,134.19993591308594,134.2882476406362
2021-02-05,133.78421020507812,134.4087263081135
2021-02-08,133.93092346191406,134.53752582822585
2021-02-09,133.0504913330078,134.67324560682528
2021-02-10,132.44400024414062,134.7731509799478
2021-02-11,132.18968200683594,134.82245299678675
2021-02-12,132.42442321777344,134.82647832642465
2021-02-16,130.29188537597656,134.809208008033
2021-02-17,127.99302673339844,134.69266644379059
2021-02-18,126.88758087158203,134.42569334824475
2021-02-19,127.0441131591797,134.0271746857925
2021-02-22,123.2583236694336,133.5627453861323
2021-02-23,123.12136840820312,132.9209479314959
2021-02-24,122.62248229980469,132.18510113123762
2021-02-25,118.35733032226562,131.39438302244957
2021-02-26,118.62144470214844,130.42991404120926
2021-03-01,125.0093765258789,129.40339984204343
2021-03-02,122.3974609375,128.62485697687248
2021-03-03,119.40404510498047,127.93084603409739
2021-03-04,117.51603698730469,127.20888937816494
2021-03-05,118.77798461914062,126.42842758872825
2021-03-08,113.82807922363281,125.69193563289787
2021-03-09,118.45515441894531,124.81927725230275
2021-03-10,117.36932373046875,124.07697338217326
2021-03-11,119.30622100830078,123.40230607826084
2021-03-12,118.3964614868164,122.87696747561404
2021-03-15,121.29204559326172,122.43549358319024
2021-03-16,122.83766937255861,122.18261465552723
2021-03-17,122.04532623291016,122.12387241356487
2021-03-18,117.9073486328125,122.16682764353641
2021-03-19,117.37908935546875,122.1185402303322
2021-03-22,120.70510864257812,121.99695873281712
2021-03-23,119.87361907958984,121.9607969358783
2021-03-24,117.47691345214844,121.94650977273886
2021-03-25,117.96603393554688,121.85577994553068
2021-03-26,118.57254791259766,121.7396188576513
2021-03-29,118.7486343383789,121.63367549007194
2021-03-30,117.29104614257812,121.54467710602307
2021-03-31,119.49209594726562,121.41388146354234
2021-04-01,120.32359313964844,121.34759586412156
2021-04-05,123.16050720214845,121.35671075438381
2021-04-06,123.46373748779297,121.5256863727725
2021-04-07,125.11698150634766,121.80445974972258
2021-04-08,127.52342987060547,122.2113488921616
2021-04-09,130.10601806640625,122.78140173869019
2021-04-12,128.3843231201172,123.53800931440969
2021-04-13,131.50489807128906,124.32148182984952
2021-04-14,129.15711975097656,125.21844107032712
2021-04-15,131.57337951660156,126.06125135594971
2021-04-16,131.2407684326172,126.9334244913282
2021-04-19,131.90599060058594,127.77475698470016
2021-04-20,130.21359252929688,128.58899845819406
2021-04-21,130.59510803222656,129.2850275799383
2021-04-22,129.06907653808594,129.89120362435438
2021-04-23,131.39730834960938,130.3512932878159
2021-04-26,131.78858947753906,130.7882566053852
2021-04-27,131.46575927734375,131.20325706275207
2021-04-28,130.6733856201172,131.57309663007186
2021-04-29,130.5755615234375,131.86665895782858
2021-04-30,128.5995330810547,132.09417830877283
2021-05-03,129.6559600830078,132.18951245138874
2021-05-04,125.06805419921875,132.2362779591408
2021-05-05,125.31262969970703,132.0641813317452
2021-05-06,126.91695404052734,131.76765790533705
2021-05-07,127.59306335449219,131.46058590961752
2021-05-10,124.30059814453125,131.18130523085006
2021-05-11,123.37950897216798,130.8000679150898
2021-05-12,120.30260467529297,130.33399539867332
2021-05-13,122.45840454101562,129.70906572946478
2021-05-14,124.8885498046875,129.09078612538406
2021-05-17,123.73225402832031,128.59238414641004
2021-05-18,122.3407974243164,128.14475646237543
2021-05-19,122.18401336669922,127.69656082087135
2021-05-20,124.75135803222656,127.26213401238897
2021-05-21,122.90914154052734,126.95517229967322
2021-05-24,124.54557800292969,126.67036092826629
2021-05-25,124.34957885742188,126.47917431291671
2021-05-26,124.30059814453125,126.34894111375525
2021-05-27,122.76215362548828,126.26396254519409
2021-05-28,122.10562896728516,126.1532659801519
2021-06-01,121.78225708007812,126.00663921247883
2021-06-02,122.54657745361328,125.82995481212606
2021-06-03,121.05712890625,125.67023193775435
2021-06-04,123.35990905761719,125.46866769174926
2021-06-07,123.36968994140625,125.33904104910857
2021-06-08,124.19281005859375,125.25995159294916
2021-06-09,124.5749740600586,125.25054996687709
2021-06-10,123.57546997070312,125.30273588426485
2021-06-11,124.79055786132812,125.35537947611829
2021-06-14,127.85765838623047,125.45581972180912
2021-06-15,127.03453826904297,125.70317347098285
2021-06-16,127.53425598144531,126.0036725996772
2021-06-17,129.1413116455078,126.34987300513717
2021-06-18,127.83808135986328,126.77633186659659
2021-06-21,129.64111328125,127.18727390942445
2021-06-22,131.28732299804688,127.64493734680286
2021-06-23,131.01290893554688,128.17851408983188
2021-06-24,130.72877502441406,128.72944937765556
2021-06-25,130.43478393554688,129.26016427673653
2021-06-28,132.0712432861328,129.74549220561266
2021-06-29,133.59010314941406,130.2462211559664
2021-06-30,134.20741271972656,130.79499489691602
2021-07-01,134.51116943359375,131.37671568524433
2021-07-02,137.14712524414062,131.96915046738968
2021-07-06,139.1657257080078,132.64994950631217
2021-07-07,141.6644744873047,133.44000040292735
2021-07-08,140.36119079589844,134.3697192096772
2021-07-09,142.19363403320312,135.30224471887323
2021-07-12,141.5958709716797,136.27650683084903
2021-07-13,142.7129669189453,137.214314895926
2021-07-14,146.15240478515625,138.1368211942288
2021-07-15,145.4958953857422,139.14881112179705
2021-07-16,143.44790649414062,140.14912207926523
2021-07-19,139.58706665039062,141.02133932784523
2021-07-20,143.2126922607422,141.6210197033388
2021-07-21,142.47776794433594,142.1654262373388
2021-07-22,143.84967041015625,142.61303186477267
2021-07-23,145.5742950439453,143.03314945351485
2021-07-26,145.99566650390625,143.48414628331489
2021-07-27,143.8202667236328,143.95143191277293
2021-07-28,142.06622314453125,144.32260039028824
2021-07-29,142.7129669189453,144.54756117554484
2021-07-30,142.92852783203125,144.6940004621115
2021-08-02,142.5953826904297,144.78805532188358
2021-08-03,144.39842224121094,144.82816525035764
2021-08-04,143.9966583251953,144.9029646976701
2021-08-05,144.10443115234375,144.9778248006346
2021-08-06,143.4174346923828,145.0547416816196
2021-08-09,143.36837768554688,145.10196486383734
2021-08-10,142.88754272460938,145.1265800302806
2021-08-11,143.1427001953125,145.11541387614807
2021-08-12,146.1162109375,145.09149349262862
2021-08-13,146.3223114013672,145.1791960513831
2021-08-16,148.3046875,145.34103084527715
2021-08-17,147.39202880859375,145.62675756561543
2021-08-18,143.63339233398438,145.94478066361012
2021-08-19,143.967041015625,146.12266163455388
2021-08-20,145.42930603027344,146.22048265890498
2021-08-23,146.92095947265625,146.318447051161
2021-08-24,146.83262634277344,146.4693858842818
2021-08-25,145.59613037109375,146.64324152558765
2021-08-26,144.7913818359375,146.7759174932828
2021-08-27,145.83163452148438,146.8456714931724
2021-08-30,150.26742553710938,146.91387050270873
2021-08-31,149.00148010253906,147.1556329035909
2021-09-01,149.66879272460938,147.44467914234292
2021-09-02,150.78758239746094,147.78477538354377
2021-09-03,151.42544555664062,148.19080431855332
2021-09-07,153.7709503173828,148.64970292557405
2021-09-08,152.22035217285156,149.22100748419552
2021-09-09,151.19972229003906,149.77851563904437
2021-09-10,146.19476318359375,150.2672678551878
2021-09-13,146.76394653320312,150.4889091220307
2021-09-14,145.360595703125,150.55484732998957
2021-09-15,146.25363159179688,150.4532325703085
2021-09-16,146.0181121826172,150.2801930232306
2021-09-17,143.33895874023438,150.05266264398597
2021-09-20,140.27706909179688,149.68780235428676
2021-09-21,140.75796508789062,149.12529286521658
2021-09-22,143.13290405273438,148.47662477944482
2021-09-23,144.09463500976562,147.88916927492005
2021-09-24,144.1829071044922,147.39893926652599
2021-09-27,142.66184997558594,146.99495056708633
2021-09-28,139.26626586914062,146.60376021023512
2021-09-29,140.1691436767578,146.10314154288517
2021-09-30,138.8639373779297,145.5921452448797
2021-10-01,139.9924774169922,145.03934617429218
2021-10-04,136.54786682128906,144.5278646310701
2021-10-05,138.4811553955078,143.92296235534764
2021-10-06,139.35462951660156,143.36348564888135
2021-10-07,140.6205596923828,142.88753728947654
2021-10-08,140.23780822753906,142.53586684702918
2021-10-11,140.14947509765625,142.26451000208317
2021-10-12,138.87374877929688,142.05611923814422
2021-10-13,138.28489685058594,141.8482137194219
2021-10-14,141.08181762695312,141.6283204381889
2021-10-15,142.14170837402344,141.52276857527295
2021-10-18,143.81983947753906,141.53592533762367
2021-10-19,145.98866271972656,141.69479903286629
2021-10-20,146.4793243408203,142.03093060008132
2021-10-21,146.6952362060547,142.49063427302963
2021-10-22,145.91998291015625,143.02519253479227
2021-10-25,145.87088012695312,143.55908909853224
2021-10-26,146.53823852539062,144.07214217455817
2021-10-27,146.07701110839844,144.57850107225477
2021-10-28,149.72769165039062,145.04060340053525
2021-10-29,147.00929260253906,145.60326728581072
2021-11-01,146.1849365234375,146.09440161483576
2021-11-02,147.22520446777344,146.49029002764792
2021-11-03,148.6678466796875,146.8500001010707
2021-11-04,148.14768981933594,147.22704114853718
2021-11-05,148.6783905029297,147.57655555826068
2021-11-08,147.8528289794922,147.91624375234755
2021-11-09,148.21646118164062,148.2011929775092
2021-11-10,145.37615966796875,148.45430349948015
2021-11-11,145.3270263671875,148.55952451338476
2021-11-12,147.41058349609375,148.56424462594646
2021-11-15,147.42041015625,148.5846855806967
2021-11-16,148.40321350097656,148.61002310081471
2021-11-17,150.8503875732422,148.67711928031326
2021-11-18,155.15505981445312,148.86701558451864
2021-11-19,157.78897094726562,149.30256176548937
2021-11-22,158.25088500976562,149.986167506858
2021-11-23,158.63418579101562,150.82581267027217
2021-11-24,159.15509033203125,151.754946977102
2021-11-26,154.11329650878906,152.73057108417447
2021-11-29,157.48431396484375,153.49318356944968
2021-11-30,162.457275390625,154.2315007089926
2021-12-01,161.9364013671875,155.1201611534359
2021-12-02,160.9437713623047,156.04268950833944
2021-12-03,159.05677795410156,156.9127893232469
2021-12-06,162.4770050048828,157.63840186075458
2021-12-07,168.2361602783203,158.38290587680945
2021-12-08,172.069091796875,159.33968261853624
2021-12-09,171.55804443359375,160.54716019860143
2021-12-10,176.3639373779297,161.8478986008115
2021-12-13,172.7177276611328,163.36291687936227
2021-12-14,171.33197021484375,164.8023361588232
2021-12-15,176.2165069580078,166.08717726603868
2021-12-16,169.2975616455078,167.42400026708492
2021-12-17,168.19686889648438,168.44243072207382
2021-12-20,166.83079528808594,169.1769927253381
2021-12-21,170.0150604248047,169.63504215322973
2021-12-22,172.61944580078125,170.02204727008757
2021-12-23,173.2484893798828,170.44333937282
2021-12-27,177.22879028320312,170.8888275665813
2021-12-28,176.20668029785156,171.49690599281257
2021-12-29,176.295166015625,172.13760613156137
2021-12-30,175.13546752929688,172.78244188295184
2021-12-31,174.51626586914062,173.35663034212212
2022-01-03,178.8798828125,173.83799359701243
2022-01-04,176.60964965820312,174.42158919640497
2022-01-05,171.911865234375,174.94351454008483
2022-01-06,169.04208374023438,175.21292489001416
2022-01-07,169.20913696289062,175.19381284545943
2022-01-10,169.22879028320312,174.9942006086212
2022-01-11,172.069091796875,174.67861476501002
2022-01-12,172.51136779785156,174.41358265033068
2022-01-13,169.22879028320312,174.20189442457877
2022-01-14,170.09365844726562,173.89560543818607
2022-01-18,166.87989807128906,173.58282078287084
2022-01-19,163.3712615966797,173.1410160414357
2022-01-20,161.6808319091797,172.4917689698941
2022-01-21,159.6169891357422,171.6665102243228
2022-01-24,158.84056091308594,170.67215454905863
2022-01-25,157.0322265625,169.5744967841556
2022-01-26,156.94375610351562,168.3755661368832
2022-01-27,156.4818572998047,167.15525161517826
2022-01-28,167.4008026123047,165.94839161993423
2022-01-31,171.7742462158203,165.25001347020952
2022-02-01,171.60719299316406,165.07467452250285
2022-02-02,172.81600952148438,165.24418501345986
2022-02-03,169.92657470703125,165.69504398950517
2022-02-04,169.64120483398438,166.1996935006432
2022-02-07,168.92283630371094,166.71989842946414
2022-02-08,172.04232788085938,167.2030262124149
2022-02-09,173.46920776367188,167.7743693700877
2022-02-10,169.37550354003906,168.43432492129614
2022-02-11,165.95103454589844,168.95472835952387
2022-02-14,166.1871795654297,169.22928892572963
2022-02-15,170.03480529785156,169.34549412681054
2022-02-16,169.79864501953125,169.5082718403869
2022-02-17,166.1871795654297,169.67462272328567
2022-02-18,164.6323699951172,169.6866766555986
2022-02-22,161.6999053955078,169.53886434563492
2022-02-23,157.51768493652344,169.1703867734118
2022-02-24,160.14508056640625,168.50029621415615
2022-02-25,162.22145080566406,167.7714799553887
2022-02-28,162.4871368408203,167.1084364800745
2022-03-01,160.5977325439453,166.51985608891118
2022-03-02,163.90415954589844,165.92533144384424
2022-03-03,163.5794219970703,165.492222517257
2022-03-04,160.5682373046875,165.16330897263924
2022-03-07,156.75994873046875,164.7947376598629
2022-03-08,154.9295654296875,164.26503736441668
2022-03-09,160.35169982910156,163.5817018164073
2022-03-10,155.9923858642578,163.049167247764
2022-03-11,152.2628173828125,162.44456825030193
2022-03-14,148.2183380126953,161.672272917295
2022-03-15,152.6170654296875,160.65972606055766
2022-03-16,157.04530334472656,159.7148543690887
2022-03-17,158.05889892578125,159.02216130820875
2022-03-18,161.3653106689453,158.5572688199327
2022-03-21,162.7429962158203,158.3989741104599
2022-03-22,166.1281280517578,158.50476308183397
2022-03-23,167.49595642089844,158.92354624623044
2022-03-24,171.29441833496094,159.58872369766777
2022-03-25,171.93406677246094,160.55098150468234
2022-03-28,172.80003356933594,161.6968660271375
2022-03-29,176.10646057128906,162.9593858543883
2022-03-30,174.9354248046875,164.38870872485336
2022-03-31,171.8258514404297,165.820033231837
2022-04-01,171.53057861328125,167.07187766432207
2022-04-04,175.59475708007812,168.14954112064015
2022-04-05,172.2686309814453,169.23656760397898
2022-04-06,169.0901641845703,170.13687393362125
2022-04-07,169.39517211914062,170.75107306656218
2022-04-08,167.37789916992188,171.16772225483555
2022-04-11,163.1071014404297,171.34763794719902
2022-04-12,164.9866485595703,171.18589689385817
2022-04-13,167.6829376220703,170.8874931422356
2022-04-14,162.65438842773438,170.61306491563437
2022-04-18,162.4379425048828,170.14689865866467
2022-04-19,164.73077392578125,169.5732505862129
2022-04-20,164.56350708007812,169.04417890388822
2022-04-21,163.7664031982422,168.55166603731595
2022-04-22,159.21022033691406,168.07006015981733
2022-04-25,160.2828826904297,167.42772783261262
2022-04-26,154.29981994628906,166.75862982039098
2022-04-27,154.07347106933594,165.84623095938446
2022-04-28,161.03074645996094,164.8111312283745
2022-04-29,155.13624572753906,164.0203028365827
2022-05-02,155.44131469726562,163.16267051525233
2022-05-03,156.9370574951172,162.32165784259132
2022-05-04,163.37277221679688,161.58576692913152
2022-05-05,154.27027893066406,161.21114107944777
2022-05-06,154.99951171875,160.70497517700778
2022-05-09,149.85520935058594,160.18437874352344
2022-05-10,152.26968383789062,159.46168319146568
2022-05-11,144.37583923339844,158.74270417663524
2022-05-12,140.49298095703125,157.7237995047301
2022-05-13,144.97702026367188,156.40213490255314
2022-05-16,143.4297637939453,155.11917963470228
2022-05-17,147.07611083984375,153.83689709317446
2022-05-18,138.77821350097656,152.75660890136646
2022-05-19,135.35850524902344,151.50903242112759
2022-05-20,135.59503173828125,150.07881074418174
2022-05-23,141.03500366210938,148.59887900328295
2022-05-24,138.3248748779297,147.36205511591243
2022-05-25,138.48257446289062,146.21602722555235
2022-05-26,141.69529724121094,145.18925386132764
2022-05-27,147.47030639648438,144.4132916184451
2022-05-31,146.681884765625,144.06418525583558
2022-06-01,146.55381774902344,143.97563351795202
2022-06-02,149.017578125,144.06615380745302
2022-06-03,143.2720947265625,144.3767328026927
2022-06-06,144.0210418701172,144.58933086322577
2022-06-07,146.55381774902344,144.77106622515157
2022-06-08,145.81468200683594,145.0261728694909
2022-06-09,140.57180786132812,145.2859499990402
2022-06-10,135.1417236328125,145.3285357809491
2022-06-13,129.96783447265625,145.01415753622928
2022-06-14,130.83506774902344,144.2728351848334
2022-06-15,133.46633911132812,143.3162073251617
2022-06-16,128.17422485351562,142.35321613617202
2022-06-17,129.65248107910156,141.20432088771372
2022-06-21,133.8999786376953,140.0440058342142
2022-06-22,133.3875274658203,139.0874331160444
2022-06-23,136.2651824951172,138.27702949108198
2022-06-24,139.60601806640625,137.71361568138082
2022-06-27,139.60601806640625,137.46827459702604
2022-06-28,135.4471893310547,137.44319624196692
2022-06-29,137.2112274169922,137.40431045483479
2022-06-30,134.73765563964844,137.4376931200784
2022-07-01,136.91561889648438,137.4175223586874
2022-07-05,139.5074920654297,137.45394332068508
2022-07-06,140.84774780273438,137.62674575930487
2022-07-07,144.22802734375,137.9340658917829
2022-07-08,144.9080047607422,138.45396754234343
2022-07-11,142.7694549560547,139.1196743521989
2022-07-12,143.74514770507812,139.7725497345648
2022-07-13,143.38050842285156,140.43581377588657
2022-07-14,146.31727600097656,141.0644213832711
2022-07-15,147.9926300048828,141.76416152809247
2022-07-18,144.93760681152344,142.54668009554962
2022-07-19,148.81060791015625,143.2284771956563
2022-07-20,150.82102966308594,143.9782196543906
2022-07-21,153.09751892089844,144.8183941762229
2022-07-22,151.8557891845703,145.77541354055802
2022-07-25,150.7322998046875,146.71988821321338
2022-07-26,149.40194702148438,147.57658312901162
2022-07-27,154.51666259765625,148.2888348806116
2022-07-28,155.06854248046875,149.08596043191915
2022-07-29,160.15371704101562,149.92038369510442
2022-08-01,159.16818237304688,150.9535314169475
2022-08-02,157.68994140625,152.0300865290776
2022-08-03,163.72122192382812,153.03656230645697
2022-08-04,163.40586853027344,154.20723844816143
2022-08-05,163.17889404296875,155.41726907976408
2022-08-08,162.70516967773438,156.59857650303275
2022-08-09,162.75454711914062,157.69571042366783
2022-08-10,167.017822265625,158.69604343773676
2022-08-11,166.27767944335938,159.7668197204689
2022-08-12,169.84027099609375,160.80206281938376
2022-08-15,170.91595458984375,161.92151250583333
2022-08-16,170.758056640625,163.0899499025611
2022-08-17,172.25808715820312,164.23684351450083
2022-08-18,171.86331176757812,165.38718898445882
2022-08-19,169.2678680419922,166.4746400573622
2022-08-22,165.3697509765625,167.36988439713105
2022-08-23,165.03421020507812,167.94396257329754
2022-08-24,165.3302459716797,168.27316836787531
2022-08-25,167.79742431640625,168.43485427971427
2022-08-26,161.4716033935547,168.57634737356148
2022-08-29,159.26101684570312,168.42695801664377
2022-08-30,156.82347106933594,168.01057350757947
2022-08-31,155.1556396484375,167.3330498738692
2022-09-01,155.88592529296875,166.44087140160536
2022-09-02,153.76417541503906,165.47108126543276
2022-09-06,152.50094604492188,164.39507756832154
2022-09-07,153.9121856689453,163.24151183465324
2022-09-08,152.431884765625,162.14111353710632
2022-09-09,155.30364990234375,161.05430210562486
2022-09-12,161.28408813476562,160.14085555608244
2022-09-13,151.8200225830078,159.61895226900333
2022-09-14,153.2707061767578,158.97923364898816
2022-09-15,150.36932373046875,158.36992556726477
2022-09-16,148.72125244140625,157.68319881688922
2022-09-19,152.4515838623047,156.9108538565306
2022-09-20,154.83982849121094,156.2673249587349
2022-09-21,151.70159912109375,155.8243512174597
2022-09-22,150.7344512939453,155.40050054903963
2022-09-23,148.4547882080078,154.97515554591837
2022-09-26,148.7903289794922,154.47533091619562
2022-09-27,149.76731872558594,153.96418022198486
2022-09-28,147.87254333496094,153.50437729433315
2022-09-29,140.60916137695312,153.01762671470829
2022-09-30,136.3853759765625,152.2402914484287
2022-10-03,140.57955932617188,151.14204918360565
2022-10-04,144.18165588378906,150.04905638976243
2022-10-05,144.47769165039062,149.13721997207517
2022-10-06,143.52044677734375,148.3865621644095
2022-10-07,138.2505645751953,147.7353244846497
2022-10-10,138.57623291015625,146.96692214167615
2022-10-11,137.15512084960938,146.17510671700052
2022-10-12,136.52354431152344,145.3407496236175
2022-10-13,141.1124725341797,144.4878208723983
2022-10-14,136.56300354003906,143.84156247025908
2022-10-17,140.5401153564453,143.16775537377612
2022-10-18,141.8625030517578,142.6716362529803
2022-10-19,141.97103881835938,142.36072089457912
2022-10-20,141.5072479248047,142.1899697198296
2022-10-21,145.3363037109375,142.10321559490762
2022-10-24,147.4876708984375,142.2329525205521
2022-10-25,150.3397216796875,142.5843527696402
2022-10-26,147.38894653320312,143.18438605074584
2022-10-27,142.89871215820312,143.80654210240937
2022-10-28,153.69508361816406,144.2457607074059
2022-10-31,151.32659912109375,144.99038052061474
2022-11-01,148.67189025878906,145.79523691048712
2022-11-02,143.12570190429688,146.50757688849012
2022-11-03,137.05645751953125,146.91078257860295
2022-11-04,136.78956604003906,146.85447759102408
2022-11-07,137.32333374023438,146.49026797104716
2022-11-08,137.8966827392578,145.9518442900021
2022-11-09,133.31988525390625,145.33625559121356
2022-11-10,145.18197631835938,144.5050581058888
2022-11-11,147.97943115234375,144.04681016859035
2022-11-14,146.57577514648438,143.94609421539008
2022-11-15,148.31553649902344,144.03000303881458
2022-11-16,147.07989501953125,144.31097656169004
2022-11-17,148.9877166748047,144.66312122105364
2022-11-18,149.55117797851562,145.13110714758568
2022-11-21,146.3088836669922,145.6793349876666
2022-11-22,148.45391845703125,146.12890365256771
2022-11-23,149.33370971679688,146.58821030670242
2022-11-25,146.40773010253906,147.06728518926434
2022-11-28,142.56243896484375,147.42027902775703
2022-11-29,139.54745483398438,147.5241325324148
2022-11-30,146.32862854003906,147.34069329808062
2022-12-01,146.60540771484375,147.24989730107018
2022-12-02,146.11114501953125,147.22045725321163
2022-12-05,144.9447479248047,147.2124286505366
2022-12-06,141.26748657226562,147.1731237879901
2022-12-07,139.32012939453125,146.96797534436223
2022-12-08,141.0104522705078,146.58775263223674
2022-12-09,140.52610778808594,146.17583458482545
2022-12-12,142.82931518554688,145.73444340465448
2022-12-13,143.7980499267578,145.38361662718603
2022-12-14,141.56402587890625,145.14166674519743
2022-12-15,134.93116760253906,144.8908335672545
2022-12-16,132.96400451660156,144.38150805675627
2022-12-19,130.8486328125,143.65223963767335
2022-12-20,130.77943420410156,142.7212691188306
2022-12-21,133.8932342529297,141.69083987303065
2022-12-22,130.71022033691406,140.75703508099082
2022-12-23,130.34449768066406,139.7905810056825
2022-12-27,128.53550720214844,138.83162617463108
2022-12-28,124.59138488769531,137.84409701730078
2022-12-29,128.12033081054688,136.72284971788963
2022-12-30,128.43667602539062,135.7030958668554
2023-01-03,123.63251495361328,134.7975400662333
2023-01-04,124.90770721435547,133.81405278099146
2023-01-05,123.5831069946289,132.87639911211977
2023-01-06,128.1302032470703,131.9522440829105
2023-01-09,128.65411376953125,131.2553547537368
2023-01-10,129.2274627685547,130.75243668575808
2023-01-11,131.95574951171875,130.42306546667464
2023-01-12,131.87669372558594,130.33201030460532
2023-01-13,133.21112060546875,130.39959724347068
2023-01-17,134.37759399414062,130.62641078319075
2023-01-18,133.65597534179688,130.99761785975738
2023-01-19,133.71530151367188,131.42297940532922
2023-01-20,136.28541564941406,131.87314359845072
2023-01-23,139.4881591796875,132.42513760311067
2023-01-24,140.89183044433594,133.14788829667032
2023-01-25,140.22955322265625,134.0092812684295
2023-01-26,142.30540466308594,134.90334006590774
2023-01-27,144.2527618408203,135.86976657046512
2023-01-30,141.3564453125,136.9226328933837
2023-01-31,142.63160705566406,137.87422633393294
2023-02-01,143.75851440429688,138.77693683305756
2023-02-02,149.08656311035156,139.65413335925814
2023-02-03,152.7242889404297,140.69162623145007
2023-02-06,149.98611450195312,141.93380435865402
2023-02-07,152.87252807617188,143.1494869942003
2023-02-08,150.1739501953125,144.42295240957606
2023-02-09,149.13600158691406,145.57144512507057
2023-02-10,149.50230407714844,146.55391780667765
2023-02-13,152.31394958496094,147.40197204912988
2023-02-14,151.6704559326172,148.23829217998014
2023-02-15,153.77919006347656,149.00070064169836
2023-02-16,152.1753692626953,149.769659913841
2023-02-17,151.02691650390625,150.44246343498958
2023-02-21,146.99752807617188,150.9800158803048
2023-02-22,147.42327880859375,151.24241774534403
2023-02-23,147.90838623046875,151.3334949640141
2023-02-24,145.24525451660156,151.32224609762875
2023-02-27,146.4431610107422,151.1308995719237
2023-02-28,145.9382781982422,150.8785169177777
2023-03-01,143.85922241210938,150.5701380684634
2023-03-02,144.4532470703125,150.1515148144224
2023-03-03,149.5220947265625,149.7027346729983
2023-03-06,152.29415893554688,149.4549177352087
2023-03-07,150.08644104003906,149.45379836272036
2023-03-08,151.34373474121094,149.5244842539919
2023-03-09,149.0865020751953,149.69827372549548
2023-03-10,147.0173797607422,149.8416471445571
2023-03-13,148.96771240234375,149.88036199303338
2023-03-14,151.06651306152344,149.93078889651088
2023-03-15,151.46255493164062,150.06787618435715
2023-03-16,154.2939910888672,150.26952314261507
2023-03-17,153.4524688720703,150.62164023122773
2023-03-20,155.82852172851562,151.02191239344006
2023-03-21,157.6897430419922,151.5387812613967
2023-03-22,156.25424194335938,152.1859880973684
2023-03-23,157.34323120117188,152.8343363624292
2023-03-24,158.6500701904297,153.50682557701703
2023-03-27,156.6997528076172,154.2210238236337
2023-03-28,156.07601928710938,154.85300057678364
2023-03-29,159.16488647460938,155.38365482021254
2023-03-30,160.73899841308594,155.95285297346186
2023-03-31,163.25363159179688,156.58288323159513
2023-04-03,164.51095581054688,157.32895326630364
2023-04-04,163.9763641357422,158.17060006623637
2023-04-05,162.12501525878906,159.0198067660781
2023-04-06,163.01602172851562,159.7666267252123
2023-04-10,160.4122772216797,160.4565130836461
2023-04-11,159.19456481933594,160.97088955571735
2023-04-12,158.5015411376953,161.3017937085533
2023-04-13,163.90704345703125,161.4688228319253
2023-04-14,163.560546875,161.74184495022837
2023-04-17,163.58033752441406,162.04673885662328
2023-04-18,164.80796813964844,162.36257835114316
2023-04-19,165.95635986328125,162.7242404337328
2023-04-20,164.98614501953125,163.1473301494268
2023-04-21,163.37245178222656,163.55266981566274
2023-04-24,163.67933654785156,163.8661327114512
2023-04-25,162.13490295410156,164.12196170946527
2023-04-26,162.12501525878906,164.2635926570672
2023-04-27,166.7285919189453,164.3253401108825
2023-04-28,167.9858856201172,164.52033148986243
2023-05-01,167.8968048095703,164.83735652667292
2023-05-02,166.85726928710938,165.21775017745426
2023-05-03,165.77816772460938,165.58397797640032
2023-05-04,164.13475036621094,165.88493477956035
2023-05-05,171.8370819091797,166.06478430212155
2023-05-08,171.7677764892578,166.47923885861974
2023-05-09,170.05503845214844,167.0126887761944
2023-05-10,171.82716369628906,167.5353971292011
2023-05-11,172.01527404785156,168.1094753053676
2023-05-12,171.0833740234375,168.6995445170819
2023-05-15,170.58766174316406,169.23840933014208
2023-05-16,170.58766174316406,169.70358304007777
2023-05-17,171.20233154296875,170.10185907992172
2023-05-18,173.54202270507812,170.46438136994084
2023-05-19,173.65106201171875,170.88374352010715
2023-05-22,172.6993408203125,171.32284632794972
2023-05-23,170.08206176757812,171.71808958518977
2023-05-24,170.35964965820312,171.96168268393467
2023-05-25,171.49977111816406,172.1117999086773
2023-05-26,173.91871643066406,172.23880181582808
2023-05-30,175.7726287841797,172.4420864766921
2023-05-31,175.72305297851562,172.75903982955015
2023-06-01,178.53858947753906,173.13334034437275
2023-06-02,179.3911895751953,173.65013752837694
2023-06-05,178.03297424316406,174.2715271131642
2023-06-06,177.66616821289062,174.88113847314798
2023-06-07,176.2881622314453,175.44829087667722
2023-06-08,179.0144500732422,175.90822614393346
2023-06-09,179.40110778808594,176.39561085083005
2023-06-12,182.20669555664062,176.89024115107486
2023-06-13,181.73085021972656,177.48657443740376
2023-06-14,182.36532592773438,178.10018907042468
2023-06-15,184.40756225585938,178.7297947389934
2023-06-16,183.3269805908203,179.42980507717402
2023-06-20,183.4162139892578,180.09880383469226
2023-06-21,182.37525939941406,180.7279022014436
2023-06-22,185.38903808593753,181.26133006241753
2023-06-23,185.07180786132815,181.83878289849963
2023-06-26,183.67396545410156,182.40032189713656
2023-06-27,186.4399108886719,182.87093255915852
2023-06-28,187.6196746826172,183.38210530997003
2023-06-29,187.9567565917969,183.94142762023102
2023-06-30,192.2989959716797,184.52174781441136
2023-07-03,190.80201721191406,185.27568654143943
2023-07-05,189.68176269531253,186.04101750275777
2023-07-06,190.15762329101562,186.74213067097617
2023-07-07,189.03733825683594,187.39646178899193
2023-07-10,186.98518371582034,187.94448009136568
2023-07-11,186.45974731445315,188.3154941726757
2023-07-12,188.13519287109375,188.5358396142242
2023-07-13,188.8985595703125,188.7169243064277
2023-07-14,189.04727172851562,188.88979291484975
2023-07-17,192.31884765625,189.05311101514462
2023-07-18,192.06106567382812,189.34083937200148
2023-07-19,193.4192657470703,189.67959567470643
2023-07-20,191.46627807617188,190.09819687214667
2023-07-21,190.28652954101562,190.46779933100834
2023-07-24,191.08950805664062,190.7467822456656
2023-07-25,191.95204162597656,190.9914671461479
2023-07-26,192.82444763183594,191.2367475748506
2023-07-27,191.55548095703125,191.50640054738824
2023-07-28,194.1429901123047,191.7249263193744
2023-07-31,194.75765991210938,192.01403321377848
2023-08-01,193.9248809814453,192.35669353481717
2023-08-02,190.9209747314453,192.68488472576018
2023-08-03,189.5231475830078,192.86615689907012
2023-08-04,180.42222595214844,192.89197415025455
2023-08-07,177.3092803955078,192.4301640719341
2023-08-08,178.2510986328125,191.55464936154112
2023-08-09,176.65496826171875,190.481683961184
2023-08-10,176.43682861328125,189.2434043381636
2023-08-11,176.49639892578125,187.93530454545134
2023-08-14,178.15426635742188,186.63238805391666
2023-08-15,176.1588897705078,185.45235991349182
2023-08-16,175.28529357910156,184.3116145790127
2023-08-17,172.73397827148438,183.21207097474507
2023-08-18,173.22042846679688,182.07948658254554
2023-08-21,174.5605926513672,180.9977757399888
2023-08-22,175.94049072265625,180.04755532283662
2023-08-23,179.80218505859375,179.27732779615053
2023-08-24,175.0966796875,178.81721607608824
2023-08-25,177.31045532226562,178.37724203251582
2023-08-28,178.8789520263672,178.07710683773394
2023-08-29,182.7803497314453,177.94375262956555
2023-08-30,186.28468322753906,178.08851010032458
2023-08-31,186.5030517578125,178.552625093424
2023-09-01,188.08152770996094,179.21566856873824
2023-09-05,188.31976318359375,180.0557603783177
2023-09-06,181.57916259765625,180.99054117494097
2023-09-07,176.26806640625,181.67064543093966
2023-09-08,176.88356018066406,181.95000330780977
2023-09-11,178.05499267578128,181.98894423644379
2023-09-12,175.01727294921875,181.909055228507
2023-09-13,172.9424591064453,181.61828306074585
2023-09-14,174.46133422851562,181.11663876146076
2023-09-15,173.7366485595703,180.56054774321046
2023-09-18,176.6750946044922,179.95267885468638
2023-09-19,177.76712036132812,179.45802649784082
2023-09-20,174.21315002441406,179.09551523612208
2023-09-21,172.6644744873047,178.68447945274102
2023-09-22,173.51821899414062,178.20324853745524
2023-09-25,174.79885864257812,177.73408258278278
2023-09-26,170.70884704589844,177.34233529676249
2023-09-27,169.18995666503906,176.8430289971575
2023-09-28,169.44808959960938,176.23929572127508
2023-09-29,169.9642791748047,175.6035583176963
2023-10-02,172.48580932617188,174.99116782601732
2023-10-03,171.14561462402344,174.52181439023843
2023-10-04,172.39646911621094,174.10416162663068
2023-10-05,173.63735961914062,173.794486952022
2023-10-06,176.1986083984375,173.61887229680588
2023-10-09,177.68768310546875,173.64507553850353
2023-10-10,177.092041015625,173.86287344266475
2023-10-11,178.49180603027344,174.17424647553162
2023-10-12,179.39517211914062,174.59870370047247
2023-10-13,177.5487060546875,175.1182579595711
2023-10-16,177.41966247558594,175.60322746868496
2023-10-17,175.86106872558594,176.046664398576
2023-10-18,174.5605926513672,176.38007197559773
2023-10-19,174.18336486816406,176.57590150540636
2023-10-20,171.6221466064453,176.65839319223232
2023-10-23,171.74127197265625,176.55386696125152
2023-10-24,172.17807006835938,176.3383519152685
2023-10-25,169.85508728027344,176.07288969687443
2023-10-26,165.6757354736328,175.6843957594656
2023-10-27,166.9960479736328,175.05912421294533
2023-10-30,169.05096435546875,174.36469419475588
2023-10-31,169.5275115966797,173.7312947908572
2023-11-01,172.70420837402344,173.1767918478613
2023-11-02,176.27801513671875,172.82819830121935
2023-11-03,175.36468505859375,172.7729244597258
2023-11-06,177.92591857910156,172.87128587079542
2023-11-07,180.4971160888672,173.1812583095143
2023-11-08,181.55931091308594,173.7244351880222
2023-11-09,181.08279418945312,174.44330391984886
2023-11-10,185.2875518798828,175.23211413267154
2023-11-13,183.6970977783203,176.21659947909757
2023-11-14,186.32135009765625,177.21769344589256
2023-11-15,186.8879547119141,178.30681530630318
2023-11-16,188.5778045654297,179.42993741677856
2023-11-17,188.55789184570315,180.60210237903402
2023-11-20,190.30740356445312,181.75621401357103
2023-11-21,189.50222778320315,182.9269783816785
2023-11-22,190.16824340820315,184.02398547685925
2023-11-24,188.8362274169922,185.05856136360126
2023-11-27,188.6573028564453,185.95168826969757
2023-11-28,189.26365661621094,186.71008243007827
2023-11-29,188.2398223876953,187.37275094317965
2023-11-30,188.81637573242188,187.8982604844823
2023-12-01,190.09866333007815,188.3369111320094
2023-12-04,188.29945373535156,188.7507150187853
2023-12-05,192.26565551757812,189.050144402343
2023-12-06,191.17222595214844,189.4332896140686
2023-12-07,193.11058044433597,189.79802859246365
2023-12-08,194.5419921875,190.22131681756446
2023-12-11,192.02706909179688,190.72165977740497
2023-12-12,193.5479736328125,191.14342609705363
2023-12-13,196.77857971191406,191.56843473701338
2023-12-14,196.92767333984375,192.1106080401869
2023-12-15,196.3908843994141,192.70612523228783
2023-12-18,194.72091674804688,193.29128685033402
2023-12-19,195.7646636962891,193.77784443470227
2023-12-20,193.66725158691406,194.22860415604418
2023-12-21,193.51812744140625,194.54455393356784
2023-12-22,192.444580078125,194.75720162145262
2023-12-26,191.89787292480472,194.84570373198449
2023-12-27,191.99725341796878,194.82629392331955
2023-12-28,192.42471313476562,194.73965559555154
2023-12-29,191.38098144531253,194.6276852618157
2024-01-02,184.53208923339844,194.45637164374693
2024-01-03,183.15036010742188,193.9642337393875
2024-01-04,180.82435607910156,193.23890242353946
2024-01-05,180.09869384765625,192.28909005350124
2024-01-08,184.4525604248047,191.20002333459252
2024-01-09,184.0350799560547,190.24399100314122
2024-01-10,185.0787811279297,189.3813242626884
2024-01-11,184.4823760986328,188.66066894620053
2024-01-12,184.8104248046875,188.03599292790068
2024-01-16,182.53408813476562,187.51746430073717
2024-01-17,181.58973693847656,186.99492137223615
2024-01-18,187.5042419433594,186.45869232296627
2024-01-19,190.416748046875,186.18709836956214
2024-01-22,192.7328338623047,186.20908880051547
2024-01-23,194.01515197753906,186.51831131480867
2024-01-24,193.33920288085938,187.0585877503172
2024-01-25,193.01116943359375,187.70398594502694
2024-01-26,191.27162170410156,188.3858878139872
2024-01-29,190.5857391357422,188.995091126857
2024-01-30,186.91775512695312,189.50883347165654
2024-01-31,183.29949951171875,189.78504828291898
2024-02-01,185.74481201171875,189.74825787285863
2024-02-02,184.7408447265625,189.61520142880045
2024-02-05,186.55992126464844,189.3697996887936
2024-02-06,188.1702423095703,189.1365401075027
2024-02-07,188.27958679199222,188.9815263173923
2024-02-08,187.1961212158203,188.88432287786236
2024-02-09,187.96246337890628,188.78403151422663
2024-02-12,186.27044677734375,188.72197526800073
2024-02-13,184.17037963867188,188.61453756572018
2024-02-14,183.28456115722656,188.39767706709108
2024-02-15,182.99594116210938,188.08470493066943
2024-02-16,181.4532012939453,187.70915821790413
2024-02-20,180.7067413330078,187.24103995176756
2024-02-21,181.46316528320312,186.70145829918283
2024-02-22,183.50350952148438,186.16820689101496
2024-02-23,181.66224670410156,185.7429556284469
2024-02-26,180.30860900878906,185.3229428085583
2024-02-27,181.77171325683594,184.872083832513
2024-02-28,180.56739807128906,184.48424056482645
2024-02-29,179.90054321289062,184.0989338062268
2024-03-01,178.81565856933594,183.70641453918006
2024-03-04,174.277099609375,183.28104196530785
2024-03-05,169.32049560546875,182.66260796502183
2024-03-06,168.3251953125,181.74363072283995
2024-03-07,168.20574951171875,180.63022454499742
2024-03-08,169.92762756347656,179.4252945023195
2024-03-11,171.93814086914062,178.27633308405893
2024-03-12,172.41586303710938,177.28766801178972
2024-03-13,170.3257598876953,176.45960807792244
2024-03-14,172.1869659423828,175.6844398726671
2024-03-15,171.80874633789062,175.0605358353937
2024-03-18,172.90357971191406,174.54307695336684
2024-03-19,175.25250244140625,174.16587599554487
2024-03-20,177.83030700683594,173.99434181146853
2024-03-21,170.56460571289062,174.0708120462882
2024-03-22,171.47033691406253,174.00291080086208
2024-03-25,170.0470733642578,173.90046891865268
2024-03-26,168.9124298095703,173.71715650977285
2024-03-27,172.49549865722656,173.44291576427804
2024-03-28,170.67408752441406,173.27022360866204
2024-04-01,169.23092651367188,173.08624950175954
2024-04-02,168.04649353027344,172.84689127035972
2024-04-03,168.8527069091797,172.53429409615092
2024-04-04,168.026611328125,172.22128887482813
2024-04-05,168.7830352783203,171.88320529844623
2024-04-08,167.65834045410156,171.57506355759006
2024-04-09,168.8726043701172,171.25013674355887
2024-04-10,166.99147033691406,170.9803514314167
2024-04-11,174.2173614501953,170.67681952011844
2024-04-12,175.72027587890625,170.66858137973622
2024-04-15,171.87841796875,170.9032856683766
2024-04-16,168.583984375,171.13036940145594
2024-04-17,167.21046447753906,171.21859580447835
2024-04-18,166.2549591064453,171.16231838765043
2024-04-19,164.2245635986328,170.97429689450928
2024-04-22,165.0605926513672,170.62173315973132
2024-04-23,166.11561584472656,170.2109730838597
2024-04-24,168.2256622314453,169.81725173207178
2024-04-25,169.09158325195312,169.53436479908078
2024-04-26,168.5043487548828,169.3674735294635
2024-04-29,172.68460083007812,169.25925281785612
2024-04-30,169.5294952392578,169.37125623649308
2024-05-01,168.5043487548828,169.48617112642978
2024-05-02,172.21682739257812,169.5657954551575
2024-05-03,182.51817321777344,169.7765021621758
2024-05-06,180.8560333251953,170.48677984800815
2024-05-07,181.5427703857422,171.41112787247403
2024-05-08,181.88119506835938,172.48012308469515
2024-05-09,183.70260620117188,173.62017363625046
2024-05-10,182.4368438720703,174.84097340317203
2024-05-13,185.65603637695315,176.01182599768254
2024-05-14,186.80216979980472,177.24238581043846
2024-05-15,189.08450317382812,178.50425496796697
2024-05-16,189.2041015625,179.830650711006
2024-05-17,189.2340087890625,181.14728640821068
2024-05-20,190.4000701904297,182.40692784906287
2024-05-21,191.7057037353516,183.62768350278293
2024-05-22,190.26055908203125,184.82548926341678
2024-05-23,186.2540283203125,185.8952785132651
2024-05-24,189.3436279296875,186.6712186995469
2024-05-28,189.35360717773438,187.3601125109467
2024-05-29,189.652587890625,187.95199036392296
2024-05-30,190.6492462158203,188.46605252943345
2024-05-31,191.6060333251953,188.94718419001583
2024-06-03,193.38006591796875,189.42336414372858
2024-06-04,193.69900512695315,189.94866414732405
2024-06-05,195.21389770507812,190.4938481765007
2024-06-06,193.82853698730472,191.09403033966146
2024-06-07,196.23048400878906,191.64422121720963
2024-06-10,192.4730987548828,192.2454400406059
2024-06-11,206.45610046386722,192.6901893382419
2024-06-12,212.35630798339847,193.61664376807994
2024-06-13,213.52236938476562,195.03515890417475
2024-06-14,211.77822875976562,196.7615841868178
2024-06-17,215.94422912597656,198.55314261149215
2024-06-18,213.57218933105472,200.50417025962952
2024-06-20,208.9776306152344,202.3723202304277
2024-06-21,206.79499816894534,203.924542480303
2024-06-24,207.4427947998047,205.12542513674225
2024-06-25,208.36968994140625,206.07560144069294
2024-06-26,212.53569030761722,206.8534936361416
2024-06-27,213.3828582763672,207.65583557352784
2024-06-28,209.91448974609375,208.46126543501987
2024-07-01,216.02395629882815,209.0844085195672
2024-07-02,219.53216552734378,209.83300954921242
2024-07-03,220.8078765869141,210.76224311074566
2024-07-05,225.58183288574222,211.81732060789
2024-07-08,227.056884765625,213.11480014733843
2024-07-09,227.91398620605472,214.56962044827696
2024-07-10,232.19958496093753,216.1047708891674
2024-07-11,226.80772399902344,217.8138376270158
2024-07-12,229.76776123046875,219.32554190130304
2024-07-15,233.61483764648438,220.79287932317038
2024-07-16,234.033447265625,222.32385003821764
2024-07-17,228.1133270263672,223.8378261423827
2024-07-18,223.42906188964844,225.0244822913346
2024-07-19,223.55863952636722,225.76710598217505
2024-07-22,223.20982360839844,226.2048302524704
2024-07-23,224.25628662109375,226.40155307460964
2024-07-24,217.8079376220703,226.47128501789848
2024-07-25,216.7614898681641,226.16917575734897
2024-07-26,217.22990417480472,225.60911455096266
2024-07-29,217.50897216796878,224.91938258873415
2024-07-30,218.0671081542969,224.1769574073005
2024-07-31,221.33610534667972,223.44894621446065
2024-08-01,217.62855529785156,222.89552404490178
2024-08-02,219.1235504150391,222.30849864409174
2024-08-05,208.56903076171878,221.80200189264042
2024-08-06,206.5358428955078,220.91207319365367
2024-08-07,209.11717224121094,219.75638451216264
2024-08-08,212.59547424316406,218.5846496536219
2024-08-09,215.51568603515628,217.5842504697507
2024-08-12,217.05229187011722,216.84785776862373
2024-08-13,220.78408813476562,216.37219614502874
2024-08-14,221.23309326171875,216.24559125669157
2024-08-15,224.22650146484378,216.36556813650168
2024-08-16,225.55358886718753,216.7758760520578
2024-08-19,225.3939208984375,217.41306919128647
2024-08-20,226.01257324218753,218.1685629086678
2024-08-21,225.90281677246094,219.00349347367046
2024-08-22,224.0369110107422,219.85342252718692
2024-08-23,226.3418426513672,220.60172579272194
2024-08-26,226.68109130859375,221.3585980476505
2024-08-27,227.52923583984375,222.09604946561376
2024-08-28,225.99261474609378,222.8257590167118
2024-08-29,229.2853698730469,223.451758431057
2024-08-30,228.49710083007812,224.1299658193907
2024-09-03,222.28079223632815,224.76839412826166
2024-09-04,220.3650054931641,225.09183212174185
2024-09-05,221.89164733886722,225.1342359366945
2024-09-06,220.33506774902344,225.05780981507633
2024-09-09,220.4248809814453,224.82921520484524
2024-09-10,219.62661743164062,224.5157467949066
2024-09-11,222.17103576660156,224.12133066019487
2024-09-12,222.28079223632815,223.79899549675247
2024-09-13,222.01136779785156,223.5308975145681
2024-09-16,215.84495544433594,223.2976930747791
2024-09-17,216.31390380859375,222.83468091171744
2024-09-18,220.20535278320312,222.28147930816613
2024-09-19,228.36738586425784,221.8531842346938
2024-09-20,227.6988525390625,221.85769480954832
2024-09-23,225.97265625000003,222.09074485313204
2024-09-24,226.8706817626953,222.3993387543037
2024-09-25,225.87287902832034,222.79447172853997
2024-09-26,227.02035522460938,223.18750932570447
2024-09-27,227.2897491455078,223.61799903095198
2024-09-30,232.48831176757815,224.06391732842803
2024-10-01,225.71322631835938,224.72389493623723
2024-10-02,226.28196716308597,225.1904692403209
2024-10-03,225.1744079589844,225.56205679325058
2024-10-04,226.30194091796878,225.80503230717432
2024-10-07,221.2031707763672,226.0041151855944
2024-10-08,225.27420043945312,225.9418163167602
2024-10-09,229.03591918945312,225.90104469026346
2024-10-10,228.5370025634766,226.01850711758743
2024-10-11,227.05029296875,226.1995587248898
2024-10-14,230.79205322265628,226.3549254206123
2024-10-15,233.33645629882815,226.65368207784695
2024-10-16,231.27099609375,227.13014876736952
2024-10-17,231.64018249511722,227.6086446641616
2024-10-18,234.4839324951172,228.09520224852986
2024-10-21,235.96067810058594,228.68850275225486
2024-10-22,235.342041015625,229.38108001598084
2024-10-23,230.25323486328125,230.08046174103993
2024-10-24,230.06365966796878,230.54223873445926
2024-10-25,230.9018096923828,230.84020135406672
2024-10-28,232.88743591308594,231.05207706092506
2024-10-29,233.15684509277344,231.2775616904496
2024-10-30,229.59469604492188,231.50476673483308
2024-10-31,225.41389465332034,231.56977856556023
2024-11-01,222.4204864501953,231.35951299055705
2024-11-04,221.52244567871094,230.8618719643091
2024-11-05,222.95928955078128,230.1637915786946
2024-11-06,222.23089599609378,229.42175238777418
2024-11-07,226.98043823242188,228.639845890988
2024-11-08,226.7107391357422,228.06702494106457
2024-11-11,223.98373413085938,227.62450336010488
2024-11-12,223.98373413085938,227.1721335069078
2024-11-13,224.8727569580078,226.74387151833662
2024-11-14,227.96936035156253,226.38753610482945
2024-11-15,224.7528839111328,226.22283946698735
2024-11-18,227.76957702636722,226.0432656519356
2024-11-19,228.02928161621097,226.0047658553167
2024-11-20,228.74848937988284,226.06158365886313
2024-11-21,228.26902770996097,226.2108958176782
2024-11-22,229.61753845214847,226.39388840584706
2024-11-25,232.61424255371094,226.65295421002202
2024-11-26,234.8018341064453,227.07592261441187
2024-11-27,234.67198181152347,227.67368957978988
2024-11-29,237.06935119628906,228.35132349650394
2024-12-02,239.32685852050784,229.15995156510553
2024-12-03,242.3834991455078,230.11158360470608
2024-12-04,242.74310302734375,231.24316442157124
2024-12-05,242.77307128906253,232.45352038803503
2024-12-06,242.57328796386722,233.66922508018206
2024-12-09,246.47900390625,234.83208215691866
2024-12-10,247.4978790283203,236.08080558039683
2024-12-11,246.2192840576172,237.36293372571936
2024-12-12,247.68768310546878,238.5566700435138
2024-12-13,247.85748291015625,239.7114764609746
2024-12-16,250.7642822265625,240.79377180345136
2024-12-17,253.20159912109375,241.9063839436667
2024-12-18,247.77757263183594,243.08410716931257
2024-12-19,249.51565551757815,244.0147854381953
2024-12-20,254.21051025390628,244.84153300431763
2024-12-23,254.98965454101565,245.75620920935216
2024-12-24,257.91644287109375,246.70255869307175
2024-12-26,258.7355041503906,247.75197867212228
2024-12-27,255.3092956542969,248.84847846548564
2024-12-30,251.92301940917972,249.7823659697783
2024-12-31,250.1449737548828,250.44211198327957
2025-01-02,243.5821990966797,250.83177492052846
2025-01-03,243.09272766113284,250.7521616201011
2025-01-06,244.73092651367188,250.37022952141706
2025-01-07,241.94400024414062,249.8701071275841
2025-01-08,242.4334411621094,249.18044133515787
2025-01-10,236.58987426757812,248.4232161746172
2025-01-13,234.14256286621094,247.39656963584684
2025-01-14,233.02378845214847,246.1524009004247
2025-01-15,237.60874938964844,244.77379718339716
2025-01-16,228.00930786132815,243.55938280239434
2025-01-17,229.7274169921875,242.0687425818287
2025-01-21,222.3954772949219,240.57070237170956
2025-01-22,223.58416748046875,238.80358266067242
2025-01-23,223.41436767578128,237.01020456643573
2025-01-24,222.53532409667972,235.2555468348255
2025-01-27,229.6075439453125,233.558269350081
2025-01-28,237.99832153320315,232.2730422523523
2025-01-29,239.0971221923828,231.64264254615637
2025-01-30,237.3290557861328,231.48889701058943
2025-01-31,235.74081420898438,231.58572548790653
2025-02-03,227.75958251953125,231.79218629927936
2025-02-04,232.5443267822266,231.7342436090944
2025-02-05,232.21469116210938,231.74345223990986
2025-02-06,232.96386718750003,231.76252017126308
2025-02-07,227.3800048828125,231.82112455947072
2025-02-10,227.64999389648438,231.66196412841828
2025-02-11,232.6199951171875,231.39915973041525
2025-02-12,236.86999511718753,231.28780698150058
2025-02-13,241.52999877929688,231.4416186868698
2025-02-14,244.60000610351562,231.94796104211582
2025-02-18,244.47000122070315,232.78283646561658
2025-02-19,244.8699951171875,233.7882866110608
2025-02-20,245.8300018310547,234.88858013975414
2025-02-21,245.5500030517578,236.050014565742
2025-02-24,247.10000610351565,237.19130028693962
2025-02-25,247.03999328613284,238.3415520163444
2025-02-26,240.3600006103516,239.44226462045208
2025-02-27,237.3000030517578,240.1806755005482
2025-02-28,241.83999633789062,240.54572327135384
2025-03-03,238.0299987792969,240.85200122944616
2025-03-04,235.92999267578128,240.92013406918022
2025-03-05,235.7400054931641,240.75143415830098
2025-03-06,235.33000183105472,240.4299812588888
2025-03-07,239.07000732421875,239.99999885545867
2025-03-10,227.47999572753906,239.6742669754999
2025-03-11,220.83999633789062,238.91665582444602
2025-03-12,216.9799957275391,237.6677118349603
2025-03-13,209.67999267578125,236.00129153467287
2025-03-14,213.49000549316406,233.82125020089006
2025-03-17,214.00000000000003,231.57443250831966
2025-03-18,212.69000244140625,229.3711655739412
2025-03-19,215.24000549316406,227.22247769813248
2025-03-20,214.10000610351565,225.30869262037095
2025-03-21,218.27000427246094,223.56809597174242
2025-03-24,220.7299957275391,222.19704664047367
2025-03-25,223.75,221.217854878229
2025-03-26,221.5299987792969,220.66264612400892
2025-03-27,223.85000610351562,220.31094259666042
2025-03-28,217.89999389648438,220.22265002383574
2025-03-31,222.13000488281253,220.05477723548483
2025-04-01,223.19000244140628,220.0481933401593
2025-04-02,223.88999938964844,220.17970582216458
2025-04-03,203.19000244140625,220.42583542999637
2025-04-04,188.3800048828125,219.85277185746463
2025-04-07,181.4600067138672,218.20250801723068
2025-04-08,172.4199981689453,215.6527759981832
2025-04-09,198.85000610351562,212.23194058889385
2025-04-10,190.4199981689453,209.51460046070451
2025-04-11,198.14999389648438,206.90519430831273
2025-04-14,202.52000427246094,204.83145476187156
2025-04-15,202.13999938964847,203.3570261428613
2025-04-16,194.27000427246094,202.31560168158467
2025-04-17,196.97999572753906,201.27943771958826
2025-04-21,193.16000366210938,200.43648958021095
2025-04-22,199.74000549316406,199.58771849823415
2025-04-23,204.60000610351565,199.06356543787797
2025-04-24,208.36999511718753,198.96281088562637
2025-04-25,209.27999877929688,199.29668165126395
2025-04-28,210.13999938964844,199.93941099728227
2025-04-29,211.21000671386722,200.8027725206589
2025-04-30,212.5,201.82730162575672
2025-05-01,213.32000732421875,202.97439926125344
2025-05-02,205.35000610351562,204.19151557584883
2025-05-05,198.88999938964844,205.06729496545086
2025-05-06,198.50999450683597,205.4328279814731
